repositories,stars_count,forks_count,issues_count,pull_requests,contributors,language
octocat/Hello-World,0.00 ,0.00 ,612.00 ,316.00 ,2.00 ,NULL
EddieHubCommunity/support,271.00 ,150.00 ,536.00 ,6.00 ,71.00 ,NULL
ethereum/aleth,0.00 ,0.00 ,313.00 ,27.00 ,154.00 ,C++
localstack/localstack,0.00 ,0.00 ,290.00 ,30.00 ,434.00 ,Python
education/classroom,0.00 ,589.00 ,202.00 ,22.00 ,67.00 ,Ruby
shobhit97/open-gpstracker,0.00 ,0.00 ,172.00 ,0.00 ,3.00 ,Java
donnemartin/system-design-primer,0.00 ,0.00 ,164.00 ,164.00 ,115.00 ,Python
jgthms/bulma,0.00 ,0.00 ,151.00 ,159.00 ,380.00 ,CSS
jgthms/bulma,0.00 ,0.00 ,151.00 ,159.00 ,380.00 ,CSS
sukritishah15/DS-Algo-Point,956.00 ,289.00 ,142.00 ,16.00 ,186.00 ,Java
taniarascia/comments,4.00 ,0.00 ,117.00 ,0.00 ,0.00 ,NULL
trailofbits/algo,0.00 ,0.00 ,115.00 ,10.00 ,163.00 ,Jinja
octocat/octocat.github.io,233.00 ,198.00 ,106.00 ,18.00 ,0.00 ,CSS
felangel/bloc,0.00 ,0.00 ,85.00 ,6.00 ,169.00 ,Dart
iamrajiv/new-keptn-docs-engine,0.00 ,1.00 ,81.00 ,3.00 ,0.00 ,JavaScript
SauravMukherjee44/Aec-Library-Website,5.00 ,2.00 ,81.00 ,29.00 ,184.00 ,HTML
mattgallagher/AudioStreamer,0.00 ,566.00 ,75.00 ,6.00 ,7.00 ,Objective-C
WhiteHouse/petitions,0.00 ,353.00 ,65.00 ,16.00 ,25.00 ,JavaScript
EddieHubCommunity/LinkFree,0.00 ,956.00 ,63.00 ,22.00 ,658.00 ,JavaScript
rrousselGit/freezed,0.00 ,169.00 ,61.00 ,6.00 ,73.00 ,Dart
google/accompanist,0.00 ,389.00 ,59.00 ,6.00 ,75.00 ,Kotlin
brettkromkamp/contextualise,960.00 ,43.00 ,57.00 ,0.00 ,6.00 ,Python
devraj/google-diff-match-patch,0.00 ,0.00 ,57.00 ,0.00 ,0.00 ,Python
ritwickdey/live-server-web-extension,598.00 ,237.00 ,56.00 ,8.00 ,3.00 ,JavaScript
ritwickdey/live-server-web-extension,598.00 ,237.00 ,56.00 ,8.00 ,3.00 ,JavaScript
WhiteHouse/cyber-acquisitions,8.00 ,37.00 ,54.00 ,5.00 ,5.00 ,CSS
xoreaxeaxeax/sandsifter,0.00 ,398.00 ,53.00 ,9.00 ,0.00 ,Python
EddieHubCommunity/awesome-github-profiles,925.00 ,612.00 ,51.00 ,9.00 ,434.00 ,HTML
adrianhajdin/project_cryptoverse,0.00 ,298.00 ,49.00 ,16.00 ,2.00 ,JavaScript
openfoodfacts/api-documentation,11.00 ,7.00 ,48.00 ,7.00 ,10.00 ,HTML
florinpop17/app-ideas,0.00 ,0.00 ,46.00 ,235.00 ,68.00 ,NULL
adrianhajdin/project_e_commerce,0.00 ,450.00 ,45.00 ,5.00 ,0.00 ,JavaScript
samczsun/Skype4J,144.00 ,53.00 ,43.00 ,2.00 ,10.00 ,Java
donnemartin/gitsome,0.00 ,460.00 ,43.00 ,14.00 ,28.00 ,Python
education/classroom-assistant,101.00 ,39.00 ,43.00 ,2.00 ,17.00 ,JavaScript
aviaryan/Clipjump,332.00 ,58.00 ,42.00 ,2.00 ,3.00 ,AutoHotkey
antonmedv/expr,0.00 ,216.00 ,41.00 ,12.00 ,33.00 ,Go
education/teachers,176.00 ,28.00 ,39.00 ,0.00 ,2.00 ,NULL
octocat/hello-worId,176.00 ,114.00 ,35.00 ,9.00 ,0.00 ,NULL
arogozhnikov/einops,0.00 ,249.00 ,34.00 ,5.00 ,18.00 ,Python
SauravMukherjee44/CodeIN-Community-Website,70.00 ,142.00 ,34.00 ,8.00 ,65.00 ,HTML
donnemartin/haxor-news,0.00 ,177.00 ,34.00 ,5.00 ,9.00 ,Python
anuraghazra/anuraghazra,228.00 ,0.00 ,33.00 ,4.00 ,3.00 ,NULL
sagesharp/foss-heartbeat,297.00 ,40.00 ,33.00 ,3.00 ,11.00 ,Python
donnemartin/interactive-coding-challenges,0.00 ,0.00 ,32.00 ,36.00 ,42.00 ,Python
khannakshat7/Elektra,38.00 ,85.00 ,32.00 ,18.00 ,20.00 ,HTML
ethereum/act,126.00 ,22.00 ,31.00 ,0.00 ,9.00 ,Haskell
gylidian/gylidian.github.io,0.00 ,0.00 ,31.00 ,0.00 ,0.00 ,HTML
donnemartin/saws,0.00 ,278.00 ,30.00 ,6.00 ,8.00 ,Python
localstack/docs,21.00 ,32.00 ,28.00 ,6.00 ,44.00 ,SCSS
adrianhajdin/project_graphql_blog,977.00 ,233.00 ,28.00 ,5.00 ,0.00 ,JavaScript
garimasingh128/awesome-python-projects,440.00 ,127.00 ,27.00 ,14.00 ,30.00 ,Jupyter Notebook
WhiteHouse/api-standards,0.00 ,910.00 ,27.00 ,7.00 ,12.00 ,NULL
openfoodfacts/hunger-games,2.00 ,6.00 ,27.00 ,2.00 ,9.00 ,JavaScript
adrianhajdin/ecommerce_sanity_stripe,907.00 ,220.00 ,27.00 ,18.00 ,0.00 ,JavaScript
education/teachers_pet,184.00 ,74.00 ,26.00 ,9.00 ,9.00 ,Ruby
offensive-security/kali-nethunter,0.00 ,897.00 ,26.00 ,3.00 ,33.00 ,NULL
octocat/git-consortium,135.00 ,67.00 ,25.00 ,10.00 ,0.00 ,NULL
btholt/complete-intro-to-react,0.00 ,961.00 ,25.00 ,11.00 ,15.00 ,JavaScript
lynxerzhang/JSSkills,0.00 ,0.00 ,25.00 ,0.00 ,0.00 ,JavaScript
feross/buffer,0.00 ,214.00 ,24.00 ,14.00 ,62.00 ,JavaScript
ethereum/beacon-APIs,190.00 ,106.00 ,24.00 ,11.00 ,25.00 ,HTML
loveBabbar/CodeHelp-DSA-Busted-Series,0.00 ,913.00 ,24.00 ,125.00 ,19.00 ,C++
arkokoley/pdfvuer,722.00 ,114.00 ,24.00 ,0.00 ,17.00 ,Vue
rrousselGit/flutter_hooks,0.00 ,142.00 ,23.00 ,2.00 ,45.00 ,Dart
donnemartin/dev-setup,0.00 ,0.00 ,23.00 ,10.00 ,16.00 ,Python
adrianhajdin/project_chat_application,0.00 ,973.00 ,23.00 ,24.00 ,0.00 ,JavaScript
thrau/jarchivelib,183.00 ,33.00 ,23.00 ,4.00 ,7.00 ,Java
arogozhnikov/hep_ml,151.00 ,58.00 ,22.00 ,0.00 ,8.00 ,Jupyter Notebook
wellington1993/avaliacao_desenvolvedor,1.00 ,70.00 ,22.00 ,15.00 ,0.00 ,Ruby
wellington1993/avaliacao_desenvolvedor,1.00 ,70.00 ,22.00 ,15.00 ,0.00 ,Ruby
Tyriar/dotfiles,31.00 ,5.00 ,21.00 ,0.00 ,0.00 ,Shell
ralexstokes/ethereum-consensus,41.00 ,11.00 ,21.00 ,0.00 ,7.00 ,Rust
majkinetor/au,214.00 ,79.00 ,21.00 ,0.00 ,24.00 ,PowerShell
trailofbits/cb-multios,465.00 ,100.00 ,21.00 ,3.00 ,16.00 ,C
google/adb-sync,0.00 ,156.00 ,21.00 ,7.00 ,7.00 ,Python
tapaswenipathak/CFP,0.00 ,1.00 ,21.00 ,0.00 ,2.00 ,Python
offensive-security/exploitdb,0.00 ,0.00 ,21.00 ,18.00 ,17.00 ,C
google/access-bridge-explorer,97.00 ,46.00 ,21.00 ,0.00 ,0.00 ,C#
btholt/complete-intro-to-react-v5,0.00 ,0.00 ,21.00 ,32.00 ,5.00 ,JavaScript
PawanKolhe/color-calendar,130.00 ,58.00 ,20.00 ,7.00 ,0.00 ,TypeScript
Chirag321ratvekar/MLOPs-Automation-,0.00 ,1.00 ,20.00 ,0.00 ,0.00 ,Jupyter Notebook
majkinetor/au-packages,53.00 ,40.00 ,19.00 ,0.00 ,22.00 ,HTML
jgthms/css-reference,0.00 ,326.00 ,19.00 ,18.00 ,3.00 ,HTML
adrianhajdin/chat_application,829.00 ,413.00 ,19.00 ,1.00 ,0.00 ,JavaScript
justinshenk/fer,210.00 ,62.00 ,19.00 ,0.00 ,5.00 ,Jupyter Notebook
jgthms/css-reference,0.00 ,326.00 ,19.00 ,18.00 ,3.00 ,HTML
justinshenk/fer,210.00 ,62.00 ,19.00 ,0.00 ,5.00 ,Jupyter Notebook
ethereum/cbc-casper,227.00 ,42.00 ,19.00 ,3.00 ,9.00 ,Python
kdeldycke/meta-package-manager,272.00 ,27.00 ,18.00 ,7.00 ,15.00 ,Python
rupa/epub,360.00 ,62.00 ,18.00 ,5.00 ,2.00 ,Python
LiveOverflow/PwnAdventure3,548.00 ,124.00 ,18.00 ,3.00 ,2.00 ,C++
ethereum/casper,681.00 ,181.00 ,18.00 ,5.00 ,19.00 ,Python
garimasingh128/Alexa-skills-starters,24.00 ,15.00 ,18.00 ,0.00 ,5.00 ,Python
google/addlicense,530.00 ,143.00 ,18.00 ,16.00 ,36.00 ,Go
davglass/doorbot,315.00 ,59.00 ,18.00 ,7.00 ,6.00 ,JavaScript
benawad/astral-bugs,42.00 ,1.00 ,18.00 ,0.00 ,0.00 ,NULL
vicky002/AlgoWiki,0.00 ,0.00 ,17.00 ,13.00 ,194.00 ,CSS
bradtraversy/alexis_speech_assistant,261.00 ,177.00 ,17.00 ,10.00 ,6.00 ,Python
EddieHubCommunity/good-first-issue-finder,133.00 ,92.00 ,17.00 ,2.00 ,31.00 ,Svelte
EddieHubCommunity/EddieBot,119.00 ,129.00 ,16.00 ,6.00 ,82.00 ,TypeScript
openfoodfacts/offf,0.00 ,0.00 ,16.00 ,0.00 ,0.00 ,NULL
offensive-security/nethunter-app,281.00 ,159.00 ,16.00 ,2.00 ,22.00 ,NULL
anuraghazra/BugVilla,206.00 ,70.00 ,16.00 ,19.00 ,2.00 ,TypeScript
Shreeshrii/tessdata_shreetest,133.00 ,28.00 ,16.00 ,0.00 ,0.00 ,Shell
openfoodfacts/off-category-classification,4.00 ,3.00 ,16.00 ,21.00 ,6.00 ,Jupyter Notebook
salil-naik/css-art-gallery,126.00 ,206.00 ,16.00 ,5.00 ,29.00 ,JavaScript
xoreaxeaxeax/movfuscator,0.00 ,449.00 ,16.00 ,4.00 ,0.00 ,C
smaranjitghose/awesome-portfolio-websites,0.00 ,0.00 ,16.00 ,4.00 ,151.00 ,HTML
google/acme,382.00 ,55.00 ,16.00 ,7.00 ,10.00 ,Go
florinpop17/100Days100Projects,430.00 ,69.00 ,16.00 ,1.00 ,0.00 ,NULL
education/autograding,27.00 ,30.00 ,15.00 ,22.00 ,0.00 ,TypeScript
ethereum/btcrelay,564.00 ,174.00 ,15.00 ,7.00 ,6.00 ,Python
zemse/create-solidity-project,8.00 ,9.00 ,15.00 ,19.00 ,3.00 ,JavaScript
WhiteHouse/fortyfour,339.00 ,58.00 ,15.00 ,6.00 ,5.00 ,CSS
EddieHubCommunity/EddieHubLive,15.00 ,12.00 ,15.00 ,0.00 ,7.00 ,JavaScript
stemount/cloutbot,5.00 ,2.00 ,14.00 ,2.00 ,0.00 ,NULL
curiousily/Getting-Things-Done-with-Pytorch,0.00 ,513.00 ,14.00 ,3.00 ,0.00 ,Jupyter Notebook
jgthms/bulma-website,40.00 ,35.00 ,14.00 ,6.00 ,12.00 ,CSS
jgthms/bulma-website,40.00 ,35.00 ,14.00 ,6.00 ,12.00 ,CSS
benawad/codeponder,260.00 ,47.00 ,14.00 ,1.00 ,9.00 ,TypeScript
prtamil/c-libutl,0.00 ,0.00 ,14.00 ,0.00 ,0.00 ,C
taniarascia/new-moon,0.00 ,87.00 ,14.00 ,2.00 ,9.00 ,Less
adrianhajdin/project_medical_pager_chat,968.00 ,336.00 ,14.00 ,5.00 ,0.00 ,JavaScript
trailofbits/blight,63.00 ,5.00 ,14.00 ,0.00 ,7.00 ,Python
antonmedv/codejar,0.00 ,87.00 ,14.00 ,1.00 ,20.00 ,TypeScript
education/GitHubGraduation-2021,0.00 ,0.00 ,14.00 ,0.00 ,0.00 ,JavaScript
defuse/defuse.ca,53.00 ,17.00 ,14.00 ,0.00 ,3.00 ,HTML
offensive-security/nethunter-devices,217.00 ,207.00 ,13.00 ,3.00 ,30.00 ,NULL
anshrathod/Basic-Python-Scripts,18.00 ,93.00 ,13.00 ,1.00 ,112.00 ,Python
offensive-security/kali-arm-build-scripts,805.00 ,397.00 ,13.00 ,1.00 ,13.00 ,NULL
google/active-qa,339.00 ,69.00 ,13.00 ,0.00 ,0.00 ,Python
benfoxall/benfoxall.github.com,5.00 ,6.00 ,13.00 ,1.00 ,2.00 ,JavaScript
yourcelf/btb,13.00 ,8.00 ,13.00 ,4.00 ,3.00 ,Python
antonmedv/fx,0.00 ,428.00 ,13.00 ,2.00 ,23.00 ,Go
ethereum/async-service,6.00 ,9.00 ,13.00 ,1.00 ,6.00 ,Python
openfoodfacts/fastlane-descriptions-smoothie,0.00 ,0.00 ,13.00 ,12.00 ,4.00 ,Ruby
ethereum/clef-ui,24.00 ,15.00 ,13.00 ,0.00 ,4.00 ,QML
Tyriar/atom-navigation-history,2.00 ,3.00 ,13.00 ,1.00 ,0.00 ,CoffeeScript
davglass/cpr,76.00 ,29.00 ,13.00 ,5.00 ,15.00 ,JavaScript
ethereum/builder-specs,67.00 ,13.00 ,13.00 ,3.00 ,9.00 ,HTML
devongovett/atom-jade,51.00 ,26.00 ,13.00 ,3.00 ,15.00 ,HTML
EddieHubCommunity/EddieHubCommunity.github.io,101.00 ,86.00 ,12.00 ,1.00 ,47.00 ,HTML
HarshCasper/AllNotes,36.00 ,30.00 ,12.00 ,7.00 ,14.00 ,JavaScript
EddieHubCommunity/EventCalendar,34.00 ,39.00 ,12.00 ,4.00 ,21.00 ,JavaScript
vasu-1/pygithub-bot,8.00 ,1.00 ,12.00 ,0.00 ,2.00 ,Python
AnandBaburajan/Kukkee,231.00 ,46.00 ,12.00 ,0.00 ,16.00 ,TypeScript
WhiteHouse/ndoch-hackathon,16.00 ,14.00 ,12.00 ,1.00 ,0.00 ,NULL
vasu-1/pygithub-bot,8.00 ,1.00 ,12.00 ,0.00 ,2.00 ,Python
adrianhajdin/project_corona_tracker,0.00 ,373.00 ,12.00 ,18.00 ,0.00 ,JavaScript
openfoodfacts/hungergames-old,4.00 ,2.00 ,12.00 ,0.00 ,2.00 ,Python
casatwy/CTVideoPlayerView,641.00 ,81.00 ,11.00 ,0.00 ,5.00 ,Objective-C
btholt/citr-v6-project,487.00 ,499.00 ,11.00 ,6.00 ,0.00 ,JavaScript
btholt/complete-intro-to-react-v6,0.00 ,223.00 ,11.00 ,21.00 ,13.00 ,JavaScript
ljharb/can-merge,14.00 ,3.00 ,11.00 ,3.00 ,12.00 ,JavaScript
EddieHubCommunity/infrastructure,17.00 ,2.00 ,11.00 ,1.00 ,2.00 ,TypeScript
benawad/astralfans-landing,98.00 ,3.00 ,11.00 ,0.00 ,0.00 ,HTML
devraj/PassCodeInput,21.00 ,2.00 ,11.00 ,0.00 ,3.00 ,Swift
iamshaunjp/Complete-React-Tutorial,995.00 ,0.00 ,11.00 ,7.00 ,0.00 ,NULL
casatwy/CTNetworking,479.00 ,104.00 ,11.00 ,1.00 ,0.00 ,Objective-C
donnemartin/data-science-ipython-notebooks,0.00 ,0.00 ,11.00 ,13.00 ,12.00 ,Python
OmkarKandale/pet-clinic,0.00 ,0.00 ,11.00 ,0.00 ,0.00 ,Java
iamshaunjp/Complete-React-Tutorial,995.00 ,0.00 ,11.00 ,7.00 ,0.00 ,NULL
localstack/cockpit,12.00 ,0.00 ,10.00 ,0.00 ,2.00 ,NULL
stemount/automated-cloud-radio-station,8.00 ,1.00 ,10.00 ,0.00 ,0.00 ,NULL
localstack/localstack-java-utils,64.00 ,41.00 ,10.00 ,3.00 ,24.00 ,Java
jishanshaikh4/adblocker-ultimate,16.00 ,16.00 ,10.00 ,3.00 ,0.00 ,JavaScript
jakearchibald/byte-storage,40.00 ,2.00 ,10.00 ,0.00 ,2.00 ,NULL
mrdbourke/machine-learning-roadmap,0.00 ,0.00 ,10.00 ,1.00 ,0.00 ,NULL
education/guide,32.00 ,18.00 ,10.00 ,0.00 ,12.00 ,Ruby
defuse/DAWr,19.00 ,0.00 ,10.00 ,0.00 ,0.00 ,Rust
openfoodfacts/folksonomy_api,7.00 ,5.00 ,10.00 ,8.00 ,5.00 ,Python
trailofbits/ctf,0.00 ,248.00 ,10.00 ,3.00 ,18.00 ,C
openfoodfacts/community-portal,3.00 ,2.00 ,10.00 ,12.00 ,6.00 ,Python
aviaryan/awesome-no-login-web-apps,0.00 ,198.00 ,9.00 ,29.00 ,65.00 ,Shell
openfoodfacts/off-nutrition-table-extractor,172.00 ,66.00 ,9.00 ,10.00 ,8.00 ,Jupyter Notebook
openfoodfacts/folksonomy_frontend,1.00 ,0.00 ,9.00 ,0.00 ,3.00 ,JavaScript
EddieHubCommunity/DailyTips,16.00 ,6.00 ,9.00 ,0.00 ,9.00 ,TypeScript
byt3bl33d3r/DeathStar,0.00 ,326.00 ,9.00 ,3.00 ,7.00 ,Python
education/GitHubGraduation-2022,0.00 ,0.00 ,9.00 ,484.00 ,0.00 ,NULL
byt3bl33d3r/chrome-decrypter,251.00 ,91.00 ,9.00 ,2.00 ,2.00 ,Python
google/accname,14.00 ,3.00 ,9.00 ,0.00 ,6.00 ,TypeScript
carloscuesta/gitmoji,0.00 ,691.00 ,9.00 ,0.00 ,88.00 ,JavaScript
JayjeetAtGithub/Audition-Management-System,3.00 ,8.00 ,9.00 ,0.00 ,2.00 ,Python
adrianhajdin/projects_realestate,749.00 ,262.00 ,9.00 ,0.00 ,2.00 ,JavaScript
shreyashankar/gpt3-sandbox,0.00 ,757.00 ,9.00 ,2.00 ,12.00 ,JavaScript
jgthms/bulma-start,269.00 ,72.00 ,9.00 ,9.00 ,2.00 ,CSS
defuse/flush-reload-attacks,155.00 ,80.00 ,9.00 ,1.00 ,2.00 ,Ruby
Tyriar/abbr-fill.js,2.00 ,0.00 ,9.00 ,0.00 ,0.00 ,JavaScript
iamshaunjp/firegram,286.00 ,237.00 ,9.00 ,2.00 ,0.00 ,NULL
yessine-agrebi/Dev-Blog,2.00 ,0.00 ,9.00 ,1.00 ,3.00 ,JavaScript
RioChndr/jaksel-language,507.00 ,55.00 ,9.00 ,0.00 ,12.00 ,JavaScript
rogeriopvl/downstagram,32.00 ,7.00 ,9.00 ,4.00 ,2.00 ,JavaScript
ethereum/clrfund,22.00 ,76.00 ,9.00 ,7.00 ,0.00 ,TypeScript
antonmedv/countdown,847.00 ,79.00 ,9.00 ,2.00 ,8.00 ,Go
antonmedv/finder,775.00 ,74.00 ,9.00 ,3.00 ,9.00 ,HTML
carloscuesta/gitmoji,0.00 ,691.00 ,9.00 ,0.00 ,88.00 ,JavaScript
jgthms/bulma-start,269.00 ,72.00 ,9.00 ,9.00 ,2.00 ,CSS
LiveOverflow/minecraft-hacked,160.00 ,16.00 ,9.00 ,2.00 ,2.00 ,Python
kdeldycke/chessboard,7.00 ,4.00 ,9.00 ,0.00 ,0.00 ,Python
xoreaxeaxeax/rosenbridge,0.00 ,216.00 ,9.00 ,4.00 ,0.00 ,C
iamshaunjp/firegram,286.00 ,237.00 ,9.00 ,2.00 ,0.00 ,NULL
cheeaun/ama,11.00 ,634.00 ,9.00 ,0.00 ,0.00 ,NULL
jishanshaikh4/assignments,21.00 ,1.00 ,8.00 ,0.00 ,2.00 ,C++
torvalds/uemacs,898.00 ,188.00 ,8.00 ,11.00 ,7.00 ,C
anuraghazra/anuraghazra.github.io,405.00 ,166.00 ,8.00 ,12.00 ,7.00 ,JavaScript
avikalpg/IndianVotingAssistant,6.00 ,1.00 ,8.00 ,0.00 ,0.00 ,Jupyter Notebook
google/acai,73.00 ,34.00 ,8.00 ,1.00 ,3.00 ,Java
marcoscaceres/bib_entry_maker,0.00 ,0.00 ,8.00 ,0.00 ,0.00 ,JavaScript
google/abstracttext,70.00 ,11.00 ,8.00 ,9.00 ,2.00 ,JavaScript
feross/bitmidi.com,488.00 ,63.00 ,8.00 ,18.00 ,7.00 ,JavaScript
ducc/BorkedJavaMusicBot,0.00 ,0.00 ,8.00 ,0.00 ,0.00 ,Java
google/account-provisioning-for-google-apps,50.00 ,26.00 ,8.00 ,5.00 ,3.00 ,Java
smaranjitghose/auto_vaidya,18.00 ,19.00 ,8.00 ,0.00 ,9.00 ,Python
kaushik-rishi/rocketcp,31.00 ,27.00 ,8.00 ,1.00 ,13.00 ,JavaScript
education/graduation,756.00 ,0.00 ,8.00 ,22.00 ,0.00 ,JavaScript
AYIDouble/Binary-Calculator-JavaScript,48.00 ,9.00 ,8.00 ,0.00 ,6.00 ,JavaScript
nerdynikhil/bloggy,2.00 ,4.00 ,8.00 ,0.00 ,3.00 ,Dart
Clueless-Community/clueless-official-website,5.00 ,4.00 ,8.00 ,0.00 ,7.00 ,TypeScript
idvoretskyi/buildbot,0.00 ,0.00 ,8.00 ,0.00 ,5.00 ,HTML
QAInsights/apache-jmeter,1.00 ,0.00 ,8.00 ,0.00 ,0.00 ,NULL
ralexstokes/beacon-api-client,17.00 ,10.00 ,8.00 ,3.00 ,7.00 ,Rust
xbelanch/llegir-en-xarxa,0.00 ,0.00 ,8.00 ,0.00 ,0.00 ,JavaScript
brettkromkamp/topic-db,216.00 ,13.00 ,7.00 ,0.00 ,2.00 ,Python
google/Accessibility-Test-Framework-for-Android,355.00 ,118.00 ,7.00 ,3.00 ,7.00 ,Java
artkirienko/dotfiles,1.00 ,0.00 ,7.00 ,0.00 ,0.00 ,Ruby
benawad/apollo-mocked-provider,89.00 ,24.00 ,7.00 ,20.00 ,9.00 ,TypeScript
vikhyatsingh123/SlugTerra,15.00 ,88.00 ,7.00 ,15.00 ,64.00 ,JavaScript
openfoodfacts/DriveOFF,1.00 ,6.00 ,7.00 ,1.00 ,0.00 ,JavaScript
agamjotsingh18/codesetgo-website,8.00 ,25.00 ,7.00 ,0.00 ,14.00 ,CSS
thepranaygupta/Data-Structures-and-Algorithms,616.00 ,256.00 ,7.00 ,17.00 ,111.00 ,Java
EddieHubCommunity/api,52.00 ,54.00 ,7.00 ,2.00 ,20.00 ,TypeScript
avikalpg/free-time,2.00 ,5.00 ,7.00 ,0.00 ,2.00 ,JavaScript
adrianhajdin/portfolio_website,0.00 ,421.00 ,7.00 ,10.00 ,2.00 ,JavaScript
artkirienko/dotfiles,1.00 ,0.00 ,7.00 ,0.00 ,0.00 ,Ruby
openfoodfacts/folksonomy_engine,2.00 ,1.00 ,7.00 ,0.00 ,2.00 ,NULL
cheeaun/busrouter-sg,281.00 ,97.00 ,7.00 ,8.00 ,2.00 ,JavaScript
ricksaha2000/JAVA,2.00 ,7.00 ,7.00 ,2.00 ,7.00 ,Java
taranjeet/django-starter-skeleton,2.00 ,0.00 ,7.00 ,0.00 ,0.00 ,Python
defuse/crackstation,103.00 ,35.00 ,7.00 ,0.00 ,5.00 ,Hack
offensive-security/nethunter-LRT,289.00 ,94.00 ,7.00 ,2.00 ,7.00 ,NULL
simonw/airtable-export,69.00 ,8.00 ,7.00 ,2.00 ,3.00 ,Python
adrianhajdin/project_fitness_app,455.00 ,138.00 ,7.00 ,2.00 ,0.00 ,JavaScript
agamjotsingh18/codesetgo-website,8.00 ,25.00 ,7.00 ,0.00 ,14.00 ,CSS
btholt/complete-intro-to-containers,765.00 ,166.00 ,6.00 ,21.00 ,11.00 ,JavaScript
mitsuhiko/classy,268.00 ,43.00 ,6.00 ,7.00 ,4.00 ,Python
taranjeet/code-snippets,4.00 ,1.00 ,6.00 ,0.00 ,0.00 ,NULL
kdeldycke/click-extra,9.00 ,2.00 ,6.00 ,4.00 ,5.00 ,Python
WhiteHouse/datacenters,21.00 ,39.00 ,6.00 ,11.00 ,11.00 ,JavaScript
offensive-security/kali-cloud-build,90.00 ,135.00 ,6.00 ,1.00 ,0.00 ,NULL
kdeldycke/kdeldycke,2.00 ,3.00 ,6.00 ,0.00 ,2.00 ,NULL
kdeldycke/mail-deduplicate,127.00 ,34.00 ,6.00 ,10.00 ,18.00 ,Python
WhiteHouse/logger,5.00 ,7.00 ,6.00 ,0.00 ,3.00 ,PHP
dwij2812/FlightBooking-system,6.00 ,2.00 ,6.00 ,21.00 ,2.00 ,CSS
andrewjmead/node-course-v3-code,569.00 ,391.00 ,6.00 ,1.00 ,0.00 ,JavaScript
byt3bl33d3r/duckhunter,96.00 ,39.00 ,6.00 ,0.00 ,2.00 ,Python
jishanshaikh4/cryptography-roadmap,24.00 ,5.00 ,6.00 ,0.00 ,0.00 ,NULL
mager/floor.report.old,0.00 ,0.00 ,6.00 ,0.00 ,0.00 ,TypeScript
curiousily/Deep-Learning-For-Hackers,824.00 ,391.00 ,6.00 ,0.00 ,0.00 ,Jupyter Notebook
varunKT001/testing-github-templates,1.00 ,0.00 ,6.00 ,0.00 ,0.00 ,NULL
defuse/crackstation-hashdb,296.00 ,106.00 ,6.00 ,1.00 ,2.00 ,PHP
EddieHubCommunity/gh-actions-html-table-generator,23.00 ,13.00 ,6.00 ,0.00 ,6.00 ,JavaScript
EddieHubCommunity/template,6.00 ,10.00 ,6.00 ,1.00 ,10.00 ,NULL
Ishita-0112/Pysa-Hack,0.00 ,0.00 ,6.00 ,1.00 ,2.00 ,Python
trailofbits/AppJailLauncher,133.00 ,19.00 ,6.00 ,0.00 ,5.00 ,C++
aloisdeniel/built_vector,33.00 ,6.00 ,6.00 ,1.00 ,0.00 ,Dart
aloisdeniel/built_vector,33.00 ,6.00 ,6.00 ,1.00 ,0.00 ,Dart
donnemartin/viz,759.00 ,123.00 ,6.00 ,0.00 ,0.00 ,Python
localstack/awscli-local,702.00 ,58.00 ,6.00 ,0.00 ,14.00 ,Python
nikhilkumarsingh/facebook-messenger-bot,16.00 ,16.00 ,6.00 ,0.00 ,0.00 ,Python
iamshaunjp/django-playlist,162.00 ,186.00 ,6.00 ,5.00 ,0.00 ,NULL
btholt/complete-intro-to-react-v7,528.00 ,125.00 ,6.00 ,13.00 ,13.00 ,JavaScript
iamshaunjp/django-playlist,162.00 ,186.00 ,6.00 ,5.00 ,0.00 ,NULL
localstack/helm-charts,28.00 ,44.00 ,6.00 ,1.00 ,20.00 ,Smarty
Abhishek-kumar09/AutoBot,2.00 ,0.00 ,6.00 ,0.00 ,4.00 ,JavaScript
aloisdeniel/dio_retry,46.00 ,34.00 ,5.00 ,1.00 ,2.00 ,Dart
LiveOverflow/liveoverflow_youtube,455.00 ,202.00 ,5.00 ,4.00 ,0.00 ,C
taranjeet/blog,0.00 ,1.00 ,5.00 ,1.00 ,0.00 ,HTML
garimasingh128/Draw,1.00 ,4.00 ,5.00 ,0.00 ,4.00 ,HTML
ethereum/asyncio-run-in-process,11.00 ,7.00 ,5.00 ,1.00 ,6.00 ,Python
emersonsoares/asdf-dotnet-core,65.00 ,17.00 ,5.00 ,3.00 ,7.00 ,Shell
WhiteHouse/drushsubtree,11.00 ,10.00 ,5.00 ,1.00 ,4.00 ,NULL
zemse/bitcoin3js,3.00 ,0.00 ,5.00 ,5.00 ,2.00 ,JavaScript
Chirag321ratvekar/docker-project,0.00 ,0.00 ,5.00 ,0.00 ,0.00 ,NULL
byt3bl33d3r/ItWasAllADream,692.00 ,109.00 ,5.00 ,2.00 ,0.00 ,Python
offensive-security/masscan-web-ui,437.00 ,176.00 ,5.00 ,0.00 ,4.00 ,PHP
garimasingh128/CP-DSA-Cpp-C,25.00 ,89.00 ,5.00 ,0.00 ,72.00 ,C++
fromgopi/cookbook-api,2.00 ,1.00 ,5.00 ,0.00 ,2.00 ,Python
iamshaunjp/firebase-auth,329.00 ,355.00 ,5.00 ,9.00 ,0.00 ,NULL
devongovett/browserify-optional,9.00 ,1.00 ,5.00 ,0.00 ,0.00 ,JavaScript
marcel-dempers/docker-development-youtube-series,0.00 ,0.00 ,5.00 ,7.00 ,21.00 ,Go
defuse/elfplayer,10.00 ,3.00 ,5.00 ,0.00 ,0.00 ,JavaScript
vasu-1/CalcHub,49.00 ,128.00 ,5.00 ,7.00 ,49.00 ,JavaScript
gabrielfalcao/dead-parrot,16.00 ,4.00 ,5.00 ,0.00 ,2.00 ,Python
aloisdeniel/dio_retry,46.00 ,34.00 ,5.00 ,1.00 ,2.00 ,Dart
devongovett/atom-stylus,6.00 ,5.00 ,5.00 ,2.00 ,2.00 ,CoffeeScript
kameshsampath/ansible-collection-kubernetes-spices,0.00 ,0.00 ,5.00 ,0.00 ,1.00 ,Jinja
trailofbits/censys-ruby,9.00 ,3.00 ,5.00 ,0.00 ,3.00 ,Ruby
thrau/pymq,21.00 ,3.00 ,5.00 ,0.00 ,0.00 ,Python
aloisdeniel/built_bloc,51.00 ,5.00 ,5.00 ,1.00 ,0.00 ,Dart
iamshaunjp/firebase-auth,329.00 ,355.00 ,5.00 ,9.00 ,0.00 ,NULL
devongovett/browserify-istanbul,50.00 ,31.00 ,5.00 ,2.00 ,11.00 ,JavaScript
EddieHubCommunity/EddieBotUI,11.00 ,19.00 ,5.00 ,0.00 ,9.00 ,JavaScript
rajat2502/GitHub-Battle,13.00 ,8.00 ,5.00 ,1.00 ,3.00 ,JavaScript
bradtraversy/angularfs,54.00 ,44.00 ,5.00 ,0.00 ,0.00 ,TypeScript
benawad/apollo-server-react-file-upload,79.00 ,34.00 ,5.00 ,23.00 ,2.00 ,JavaScript
whummer/jaxb-facets,27.00 ,17.00 ,5.00 ,2.00 ,3.00 ,Java
Ishita-0112/CODES,4.00 ,6.00 ,5.00 ,0.00 ,8.00 ,Java
openfoodfacts/facets-knowledge-panels,1.00 ,2.00 ,5.00 ,4.00 ,5.00 ,Python
aviaryan/BrainGames,45.00 ,11.00 ,5.00 ,1.00 ,0.00 ,Python
aloisdeniel/built_bloc,51.00 ,5.00 ,5.00 ,1.00 ,0.00 ,Dart
vasu-1/CalcHub,49.00 ,128.00 ,5.00 ,7.00 ,49.00 ,JavaScript
kameshsampath/ansible-collection-kubernetes-spices,0.00 ,0.00 ,5.00 ,0.00 ,1.00 ,Jinja
ak7550/garments-store,0.00 ,4.00 ,5.00 ,0.00 ,0.00 ,JavaScript
donnemartin/awesome-aws,0.00 ,0.00 ,5.00 ,60.00 ,70.00 ,Python
manjurulhoque/android-near-by-places,24.00 ,14.00 ,5.00 ,0.00 ,0.00 ,Java
EddieHubCommunity/hacktoberfest-practice,292.00 ,0.00 ,4.00 ,36.00 ,0.00 ,NULL
localstack/aws-cdk-local,176.00 ,10.00 ,4.00 ,1.00 ,7.00 ,JavaScript
lmgonzalves/brushstroke,81.00 ,14.00 ,4.00 ,1.00 ,2.00 ,JavaScript
iamshaunjp/css-grid-layouts,51.00 ,23.00 ,4.00 ,0.00 ,0.00 ,NULL
rrousselGit/functional_widget,508.00 ,42.00 ,4.00 ,1.00 ,13.00 ,Dart
Vectorized/solady,315.00 ,21.00 ,4.00 ,0.00 ,10.00 ,Solidity
mitsuhiko/clicolors-control,19.00 ,9.00 ,4.00 ,2.00 ,5.00 ,Rust
education/hackconviii,15.00 ,9.00 ,4.00 ,0.00 ,0.00 ,NULL
iamshaunjp/css-grid-layouts,51.00 ,23.00 ,4.00 ,0.00 ,0.00 ,NULL
mitsuhiko/better-panic,332.00 ,6.00 ,4.00 ,0.00 ,2.00 ,Rust
nikhilkumarsingh/flask-chat-app,41.00 ,23.00 ,4.00 ,0.00 ,0.00 ,Python
florinpop17/10-projects-10-hours,0.00 ,589.00 ,4.00 ,10.00 ,0.00 ,JavaScript
Anuj-Kumar-Sharma/NewsApp,40.00 ,44.00 ,4.00 ,6.00 ,0.00 ,Kotlin
dhananjaym2/android-imagedownloader,0.00 ,0.00 ,4.00 ,0.00 ,0.00 ,Java
RonLek/ALPR-and-Identification-for-Indian-Vehicles,25.00 ,8.00 ,4.00 ,0.00 ,4.00 ,Jupyter Notebook
defuse/backup-verify,9.00 ,8.00 ,4.00 ,0.00 ,0.00 ,Ruby
keshav-space/safe_notes,2.00 ,2.00 ,4.00 ,0.00 ,0.00 ,Dart
bradtraversy/bookstore,231.00 ,211.00 ,4.00 ,2.00 ,2.00 ,HTML
carloscuesta/gitmoji-cli,0.00 ,190.00 ,4.00 ,0.00 ,43.00 ,JavaScript
YashKumarVerma/all-covid-info-frontend,9.00 ,1.00 ,4.00 ,1.00 ,0.00 ,JavaScript
carloscuesta/gitmoji-cli,0.00 ,190.00 ,4.00 ,0.00 ,43.00 ,JavaScript
defuse/airgap,26.00 ,2.00 ,4.00 ,0.00 ,0.00 ,NULL
btholt/algorithms-exercises,135.00 ,374.00 ,4.00 ,11.00 ,3.00 ,JavaScript
lmorchard/about-me,3.00 ,0.00 ,4.00 ,0.00 ,0.00 ,JavaScript
LiveOverflow/pwn_docker_example,178.00 ,42.00 ,4.00 ,3.00 ,3.00 ,Dockerfile
AYIDouble/Cat-Face-Detector-with-OpenCV-and-JavaFX,24.00 ,7.00 ,4.00 ,0.00 ,2.00 ,Java
curiousily/Deploy-BERT-for-Sentiment-Analysis-with-FastAPI,128.00 ,41.00 ,4.00 ,1.00 ,0.00 ,Python
RonLek/FastV2C-HandNet,8.00 ,2.00 ,4.00 ,0.00 ,0.00 ,Python
curiousily/Credit-Card-Fraud-Detection-using-Autoencoders-in-Keras,408.00 ,254.00 ,4.00 ,1.00 ,0.00 ,Jupyter Notebook
casatwy/CTMediator,0.00 ,749.00 ,4.00 ,1.00 ,3.00 ,Objective-C
Rajdip019/booklee,7.00 ,1.00 ,4.00 ,0.00 ,4.00 ,JavaScript
ducc/DiscrimFarmer,13.00 ,3.00 ,4.00 ,0.00 ,0.00 ,Go
asweigart/bext,13.00 ,2.00 ,4.00 ,0.00 ,2.00 ,Python
ralexstokes/deposit-verifier,15.00 ,7.00 ,4.00 ,0.00 ,3.00 ,Python
AnkushMalaker/speech-emotion-recognition,5.00 ,0.00 ,4.00 ,0.00 ,2.00 ,PureBasic
mikenikles/ghost-v3-google-cloud-storage,13.00 ,7.00 ,4.00 ,3.00 ,2.00 ,JavaScript
yourcelf/afgexplorer,48.00 ,6.00 ,4.00 ,0.00 ,2.00 ,Python
trailofbits/circuitous-benchmarks,0.00 ,0.00 ,4.00 ,0.00 ,0.00 ,C++
Clueless-Community/Datasets,4.00 ,3.00 ,4.00 ,0.00 ,5.00 ,JavaScript
ethereum/beacon_chain,196.00 ,61.00 ,4.00 ,1.00 ,13.00 ,Python
openfoodfacts/eu-food-data,8.00 ,6.00 ,4.00 ,0.00 ,4.00 ,HTML
jonfroehlich/jonfroehlich.github.io,3.00 ,0.00 ,4.00 ,0.00 ,0.00 ,HTML
WhiteHouse/CIOmanagement,14.00 ,28.00 ,4.00 ,6.00 ,15.00 ,SCSS
0xCaso/defillama-telegram-bot,0.00 ,1.00 ,4.00 ,0.00 ,2.00 ,JavaScript
ethereum/blake2b-py,5.00 ,14.00 ,4.00 ,3.00 ,4.00 ,Rust
openfoodfacts/folksonomy_mobile_experiment,0.00 ,0.00 ,4.00 ,3.00 ,3.00 ,JavaScript
WhiteHouse/buildmanager,13.00 ,15.00 ,4.00 ,2.00 ,4.00 ,PHP
torvalds/test-tlb,501.00 ,177.00 ,4.00 ,4.00 ,2.00 ,C
jonfroehlich/HCID521Wi2020,0.00 ,0.00 ,4.00 ,0.00 ,0.00 ,JavaScript
amacgregor/dot-files,438.00 ,318.00 ,4.00 ,0.00 ,0.00 ,Vim Script
adrianhajdin/project_google_clone,324.00 ,78.00 ,4.00 ,1.00 ,2.00 ,JavaScript
jamesbachini/Encryption-VScode,3.00 ,2.00 ,4.00 ,0.00 ,2.00 ,JavaScript
antonmedv/jsize,179.00 ,12.00 ,4.00 ,0.00 ,4.00 ,JavaScript
WhiteHouse/omb_place,49.00 ,22.00 ,4.00 ,1.00 ,4.00 ,CSS
nikhilkumarsingh/awesome-wikidata-scripts,6.00 ,3.00 ,4.00 ,0.00 ,2.00 ,Jupyter Notebook
adrianhajdin/project_hoobank,469.00 ,135.00 ,4.00 ,1.00 ,0.00 ,JavaScript
Raz0r/aemscan,158.00 ,52.00 ,4.00 ,0.00 ,5.00 ,Python
xbelanch/OBS4Pi,30.00 ,5.00 ,4.00 ,0.00 ,0.00 ,Shell
casatwy/HandyAutoLayout,0.00 ,253.00 ,4.00 ,1.00 ,4.00 ,Objective-C
sagesharp/python-code-of-conduct,2.00 ,103.00 ,4.00 ,0.00 ,0.00 ,NULL
aloisdeniel/bluff,84.00 ,8.00 ,3.00 ,0.00 ,0.00 ,Dart
97shivank/Hotel-Site-with-Django,5.00 ,7.00 ,3.00 ,0.00 ,5.00 ,Python
kameshsampath/ansible-role-kind,1.00 ,2.00 ,3.00 ,14.00 ,2.00 ,Jinja
mrdbourke/m1-machine-learning-test,303.00 ,84.00 ,3.00 ,0.00 ,2.00 ,Jupyter Notebook
saurabhdaware/blog.saurabhdaware.in,4.00 ,0.00 ,3.00 ,3.00 ,0.00 ,TypeScript
amacgregor/amgr_phx,0.00 ,1.00 ,3.00 ,0.00 ,3.00 ,CSS
mrdbourke/cs329s-ml-deployment-tutorial,513.00 ,140.00 ,3.00 ,0.00 ,0.00 ,Jupyter Notebook
stong/CVE-2021-3156,431.00 ,119.00 ,3.00 ,0.00 ,0.00 ,C
ritwickdey/organic-shop,56.00 ,36.00 ,3.00 ,0.00 ,2.00 ,TypeScript
itaditya/background-check,27.00 ,12.00 ,3.00 ,0.00 ,2.00 ,JavaScript
ck37/featurerank,1.00 ,0.00 ,3.00 ,0.00 ,3.00 ,R
torvalds/pesconvert,241.00 ,56.00 ,3.00 ,2.00 ,4.00 ,C
iamshaunjp/firebase-firestore-playlist,274.00 ,303.00 ,3.00 ,4.00 ,0.00 ,NULL
PawanKolhe/calc-2000,1.00 ,1.00 ,3.00 ,0.00 ,0.00 ,JavaScript
tapaswenipathak/Blacklist-By-Words,20.00 ,10.00 ,3.00 ,1.00 ,3.00 ,JavaScript
localstack/aws-sam-cli-local,17.00 ,4.00 ,3.00 ,1.00 ,2.00 ,Python
jakearchibald/big-web-quiz,109.00 ,32.00 ,3.00 ,3.00 ,2.00 ,JavaScript
aloisdeniel/bluff,84.00 ,8.00 ,3.00 ,0.00 ,0.00 ,Dart
gasteigerjo/dimenet,199.00 ,38.00 ,3.00 ,0.00 ,0.00 ,Python
gasteigerjo/turbulent,0.00 ,0.00 ,3.00 ,0.00 ,3.00 ,C++
feross/clipboard-copy,561.00 ,40.00 ,3.00 ,3.00 ,5.00 ,JavaScript
stong/CVE-2021-3156,431.00 ,119.00 ,3.00 ,0.00 ,0.00 ,C
clindsey/cookbook,3.00 ,0.00 ,3.00 ,0.00 ,0.00 ,Ruby
ritwickdey/organic-shop,56.00 ,36.00 ,3.00 ,0.00 ,2.00 ,TypeScript
ForrestPi/anomalyLocalization,13.00 ,1.00 ,3.00 ,0.00 ,0.00 ,Python
ethereum/beacon-metrics,19.00 ,14.00 ,3.00 ,0.00 ,6.00 ,NULL
emersonsoares/cep-api,98.00 ,44.00 ,3.00 ,0.00 ,4.00 ,C#
mscoutermarsh/dotfiles,766.00 ,184.00 ,3.00 ,1.00 ,23.00 ,Vim Script
AshAman999/Edify,4.00 ,0.00 ,3.00 ,2.00 ,2.00 ,Dart
ethereum/alexandria,6.00 ,8.00 ,3.00 ,0.00 ,5.00 ,Python
lengstrom/codezoo,1.00 ,0.00 ,3.00 ,0.00 ,0.00 ,JavaScript
sreehari2003/cvshare.io,5.00 ,1.00 ,3.00 ,0.00 ,2.00 ,TypeScript
bradtraversy/bookmarker,157.00 ,118.00 ,3.00 ,1.00 ,3.00 ,JavaScript
crnacura/AmbientCanvasBackgrounds,514.00 ,112.00 ,3.00 ,0.00 ,0.00 ,JavaScript
bradtraversy/apex-legends-tracker,127.00 ,21.00 ,3.00 ,7.00 ,2.00 ,Vue
MariaEduardaDeAzevedo/centavos-search,7.00 ,4.00 ,3.00 ,0.00 ,5.00 ,JavaScript
MariaEduardaDeAzevedo/detector-de-mascaras,167.00 ,23.00 ,3.00 ,0.00 ,3.00 ,Python
MariaEduardaDeAzevedo/jogo-da-velha,7.00 ,3.00 ,3.00 ,0.00 ,2.00 ,Python
IonicaBizau/anser,50.00 ,17.00 ,3.00 ,0.00 ,22.00 ,JavaScript
defuse/dfcrypt,0.00 ,0.00 ,3.00 ,0.00 ,0.00 ,C
defuse/gadgetrie,4.00 ,0.00 ,3.00 ,0.00 ,0.00 ,C
bradtraversy/angular60,129.00 ,102.00 ,3.00 ,0.00 ,2.00 ,JavaScript
Tyriar/abbr-touch,51.00 ,4.00 ,3.00 ,0.00 ,2.00 ,HTML
tinchoabbate/slither-scripts,18.00 ,15.00 ,3.00 ,2.00 ,0.00 ,Python
smaranjitghose/AppleFoliarAI,7.00 ,9.00 ,3.00 ,0.00 ,3.00 ,Dockerfile
kameshsampath/ansible-role-kind,1.00 ,2.00 ,3.00 ,14.00 ,2.00 ,Jinja
rogeriopvl/Downpy,9.00 ,1.00 ,3.00 ,0.00 ,2.00 ,Python
casatwy/ConfigPrivatePod,69.00 ,70.00 ,3.00 ,0.00 ,0.00 ,Shell
PragneshRamani/Coursera---Using-Python-to-Access-Web-Data,37.00 ,79.00 ,3.00 ,6.00 ,0.00 ,Python
trailofbits/constexpr-everything,231.00 ,11.00 ,3.00 ,0.00 ,6.00 ,C++
kdeldycke/cqlengine-relation-columns,1.00 ,1.00 ,3.00 ,0.00 ,0.00 ,Python
nikhilkumarsingh/desktop_reminder,7.00 ,4.00 ,3.00 ,0.00 ,0.00 ,Python
taniarascia/laconia,350.00 ,63.00 ,3.00 ,2.00 ,2.00 ,PHP
aviaryan/CFBuddy,2.00 ,1.00 ,3.00 ,0.00 ,0.00 ,Java
xoreaxeaxeax/..cantor.dust..,33.00 ,0.00 ,3.00 ,0.00 ,0.00 ,NULL
YosephKS/moralis-opensea-plugins,26.00 ,14.00 ,3.00 ,0.00 ,0.00 ,JavaScript
aviaryan/alfred-google-search,32.00 ,1.00 ,3.00 ,0.00 ,0.00 ,Python
aviaryan/Ahk-Best-Practices,30.00 ,5.00 ,3.00 ,0.00 ,2.00 ,NULL
google/actions-on-google-trivia-template-sdk,14.00 ,8.00 ,3.00 ,0.00 ,2.00 ,JavaScript
Anuj-Kumar-Sharma/DS-Algo,457.00 ,382.00 ,3.00 ,31.00 ,8.00 ,Java
trailofbits/bisc,71.00 ,15.00 ,3.00 ,0.00 ,5.00 ,Ruby
taniarascia/new-moon-vscode,85.00 ,10.00 ,3.00 ,1.00 ,3.00 ,NULL
localstack/localstack-python-client,144.00 ,30.00 ,3.00 ,0.00 ,16.00 ,Python
trailofbits/algo-ng,65.00 ,16.00 ,3.00 ,1.00 ,3.00 ,HCL
ljharb/aud,24.00 ,1.00 ,3.00 ,0.00 ,0.00 ,JavaScript
felangel/bloc.js,171.00 ,19.00 ,3.00 ,3.00 ,5.00 ,TypeScript
google/.github,70.00 ,153.00 ,3.00 ,3.00 ,4.00 ,NULL
mattgallagher/CwlSignal,305.00 ,33.00 ,3.00 ,1.00 ,9.00 ,Swift
iamshaunjp/firebase-firestore-playlist,274.00 ,303.00 ,3.00 ,4.00 ,0.00 ,NULL
anuraghazra/circleci-test,0.00 ,0.00 ,3.00 ,1.00 ,2.00 ,JavaScript
ihcsim/cockroachdb-formula,2.00 ,2.00 ,3.00 ,0.00 ,0.00 ,Ruby
WhiteHouse/choropleth,4.00 ,9.00 ,3.00 ,1.00 ,5.00 ,JavaScript
shazow/briefmetrics,20.00 ,1.00 ,3.00 ,3.00 ,3.00 ,Python
byt3bl33d3r/arpspoof,175.00 ,66.00 ,3.00 ,0.00 ,4.00 ,Python
nerdynikhil/bookclub,0.00 ,0.00 ,3.00 ,0.00 ,0.00 ,Dart
vicky002/1000_Projects,0.00 ,298.00 ,3.00 ,1.00 ,4.00 ,NULL
Shreeshrii/tess5train-fonts,72.00 ,19.00 ,3.00 ,0.00 ,0.00 ,HTML
Shreeshrii/hindi-hunspell,29.00 ,16.00 ,3.00 ,3.00 ,2.00 ,Shell
education/github-starter-course,41.00 ,25.00 ,3.00 ,0.00 ,5.00 ,NULL
nerdynikhil/codestreak,4.00 ,3.00 ,3.00 ,0.00 ,3.00 ,JavaScript
EddieHubCommunity/gh-action-community,24.00 ,16.00 ,3.00 ,0.00 ,13.00 ,JavaScript
nikhilkumarsingh/cmail,3.00 ,1.00 ,3.00 ,0.00 ,2.00 ,Python
EddieHubCommunity/EddieBotBreakout,14.00 ,2.00 ,3.00 ,0.00 ,6.00 ,TypeScript
RivaanRanawat/flutter-whatsapp-clone,75.00 ,45.00 ,3.00 ,0.00 ,0.00 ,Dart
nikhilkumarsingh/content-downloader,104.00 ,68.00 ,3.00 ,0.00 ,6.00 ,Python
kdeldycke/kevin-deldycke-blog,34.00 ,15.00 ,3.00 ,11.00 ,5.00 ,Python
offensive-security/kali-linux-preseed,42.00 ,26.00 ,3.00 ,0.00 ,0.00 ,NULL
lengstrom/codezoo,1.00 ,0.00 ,3.00 ,0.00 ,0.00 ,JavaScript
offensive-security/cryptsetup-nuke-keys,188.00 ,63.00 ,3.00 ,7.00 ,0.00 ,NULL
Anuj-Kumar-Sharma/Shuffler,275.00 ,291.00 ,3.00 ,6.00 ,0.00 ,Java
offensive-security/exploitdb-bin-sploits,0.00 ,545.00 ,3.00 ,0.00 ,0.00 ,Python
btholt/complete-intro-to-computer-science,214.00 ,151.00 ,3.00 ,19.00 ,8.00 ,JavaScript
kdeldycke/kdenlive-tools,6.00 ,1.00 ,3.00 ,0.00 ,0.00 ,Python
PragneshRamani/Coursera---Using-Python-to-Access-Web-Data,37.00 ,79.00 ,3.00 ,6.00 ,0.00 ,Python
vikhyatsingh123/Naruto-Shippuden,85.00 ,466.00 ,3.00 ,6.00 ,259.00 ,HTML
Priyansh19077/OnlyPolling,0.00 ,0.00 ,3.00 ,0.00 ,0.00 ,Java
zemse/awesome-decentralized-finance,8.00 ,268.00 ,2.00 ,0.00 ,0.00 ,NULL
carloscuesta/carloscuesta.me,39.00 ,7.00 ,2.00 ,0.00 ,7.00 ,JavaScript
AYIDouble/IoT-Arduino-Game-Controller-Java,16.00 ,2.00 ,2.00 ,0.00 ,2.00 ,Java
sambitraze/cpp,0.00 ,3.00 ,2.00 ,0.00 ,3.00 ,C++
Shreeshrii/tessdata_ssd,24.00 ,4.00 ,2.00 ,0.00 ,0.00 ,Shell
wsvincent/awesome-django,0.00 ,940.00 ,2.00 ,5.00 ,65.00 ,HTML
ritwickdey/ritwickdey.github.io,83.00 ,21.00 ,2.00 ,25.00 ,0.00 ,TypeScript
zemse/contract-ownership-governance,1.00 ,3.00 ,2.00 ,0.00 ,0.00 ,TypeScript
artkirienko/n-th_longest,0.00 ,1.00 ,2.00 ,0.00 ,0.00 ,C++
Anishde85/sociocom,2.00 ,5.00 ,2.00 ,6.00 ,6.00 ,HTML
CharlesCreativeContent/CodeWars,60.00 ,11.00 ,2.00 ,0.00 ,0.00 ,JavaScript
clindsey/AlphabetSoup,0.00 ,0.00 ,2.00 ,0.00 ,0.00 ,JavaScript
arogozhnikov/infiniteboost,184.00 ,22.00 ,2.00 ,0.00 ,3.00 ,Jupyter Notebook
norbusan/cinnadock-p2,439.00 ,1.00 ,2.00 ,0.00 ,0.00 ,JavaScript
vivekweb2013/audio-recorder,22.00 ,4.00 ,2.00 ,0.00 ,4.00 ,Java
kdeldycke/mdx_titlecase,1.00 ,3.00 ,2.00 ,0.00 ,2.00 ,Python
savannahar68/ClipboardHistory,4.00 ,2.00 ,2.00 ,9.00 ,2.00 ,JavaScript
brettkromkamp/topic-db-api,1.00 ,0.00 ,2.00 ,0.00 ,0.00 ,Python
savannahar68/CamScanner-Python,2.00 ,5.00 ,2.00 ,0.00 ,0.00 ,Python
jgthms/bulma-versions,7.00 ,4.00 ,2.00 ,12.00 ,0.00 ,HTML
tapaswenipathak/Bot-list,0.00 ,0.00 ,2.00 ,0.00 ,2.00 ,NULL
EddieHubCommunity/Branding,17.00 ,22.00 ,2.00 ,2.00 ,21.00 ,HTML
feross/arch,69.00 ,7.00 ,2.00 ,1.00 ,4.00 ,JavaScript
feross/awesome-mad-science,0.00 ,68.00 ,2.00 ,9.00 ,17.00 ,NULL
Anurag5086/Portfolio-website-themes,1.00 ,8.00 ,2.00 ,0.00 ,8.00 ,HTML
Anurag5086/MentHealth,4.00 ,4.00 ,2.00 ,0.00 ,2.00 ,NULL
AYIDouble/Keyboard,8.00 ,1.00 ,2.00 ,0.00 ,0.00 ,Java
vivekweb2013/toastmaker,43.00 ,11.00 ,2.00 ,8.00 ,2.00 ,JavaScript
antonmedv/fx-completion,169.00 ,7.00 ,2.00 ,0.00 ,0.00 ,JavaScript
antonmedv/gofx,234.00 ,10.00 ,2.00 ,0.00 ,2.00 ,Go
norbusan/jfontmaps,434.00 ,1.00 ,2.00 ,0.00 ,3.00 ,Perl
eddiejaoude/ANT-Project-Deployment-Tool,2.00 ,0.00 ,2.00 ,0.00 ,0.00 ,NULL
taniarascia/chat,154.00 ,27.00 ,2.00 ,0.00 ,4.00 ,TypeScript
taniarascia/accordion,116.00 ,11.00 ,2.00 ,0.00 ,0.00 ,JavaScript
DeepGautamFullStack/DeepCart,14.00 ,15.00 ,2.00 ,0.00 ,0.00 ,TypeScript
saurabhdaware/jest-fs-mock,2.00 ,0.00 ,2.00 ,0.00 ,0.00 ,JavaScript
kameshsampath/ansible-role-openshift-spices,2.00 ,1.00 ,2.00 ,0.00 ,2.00 ,HTML
Errichto/youtube,0.00 ,486.00 ,2.00 ,1.00 ,3.00 ,C++
donnemartin/donnemartin.github.io,51.00 ,20.00 ,2.00 ,2.00 ,0.00 ,HTML
arogozhnikov/DeepMMD-GAN,13.00 ,8.00 ,2.00 ,0.00 ,0.00 ,Jupyter Notebook
localstack/localstack-extensions,9.00 ,1.00 ,2.00 ,0.00 ,3.00 ,Python
andrewjmead/short-lnk-meteor-course,5.00 ,11.00 ,2.00 ,0.00 ,0.00 ,JavaScript
btholt/citr-v7-project,306.00 ,240.00 ,2.00 ,3.00 ,0.00 ,JavaScript
kameshsampath/ansible-role-rosa-demos,0.00 ,0.00 ,2.00 ,0.00 ,2.00 ,Makefile
RivaanRanawat/flutter-dapp-tutorial,4.00 ,4.00 ,2.00 ,1.00 ,0.00 ,C++
taniarascia/react-hooks,339.00 ,207.00 ,2.00 ,0.00 ,3.00 ,JavaScript
carloscuesta/starterkit,88.00 ,13.00 ,2.00 ,0.00 ,3.00 ,JavaScript
kameshsampath/ansible-role-minikube,0.00 ,0.00 ,2.00 ,0.00 ,0.00 ,Makefile
ihcsim/go-ini,1.00 ,0.00 ,2.00 ,0.00 ,0.00 ,Go
arogozhnikov/python3_with_pleasure,0.00 ,204.00 ,2.00 ,1.00 ,14.00 ,NULL
bradtraversy/aioweb,13.00 ,10.00 ,2.00 ,0.00 ,0.00 ,PHP
beatak/es-promise-http,2.00 ,0.00 ,2.00 ,0.00 ,0.00 ,JavaScript
aviaryan/clipjump-addons,9.00 ,4.00 ,2.00 ,0.00 ,2.00 ,AutoHotkey
salil-naik/a11y.css,20.00 ,14.00 ,2.00 ,2.00 ,11.00 ,CSS
GmGniap/practice_python,1.00 ,1.00 ,2.00 ,1.00 ,2.00 ,Jupyter Notebook
AYIDouble/Deep-Learning-Machine-Learning-AI-TensorFlow-Python,19.00 ,8.00 ,2.00 ,0.00 ,2.00 ,Python
btholt/complete-intro-to-react-v4,0.00 ,264.00 ,2.00 ,11.00 ,4.00 ,JavaScript
bradtraversy/angular-crash-2021,379.00 ,571.00 ,2.00 ,2.00 ,3.00 ,TypeScript
nayyyhaa/C-codes,5.00 ,32.00 ,2.00 ,7.00 ,28.00 ,C++
DaiJunMaster/DJColorfulSlider,13.00 ,0.00 ,2.00 ,0.00 ,2.00 ,Objective-C
saurabhdaware/DEV-widget,94.00 ,12.00 ,2.00 ,0.00 ,7.00 ,JavaScript
ihcsim/customer-invoice-management,2.00 ,2.00 ,2.00 ,0.00 ,0.00 ,JavaScript
adrishyantee/GssocDemo,0.00 ,8.00 ,2.00 ,1.00 ,7.00 ,Java
ethereum/annotated-spec,231.00 ,45.00 ,2.00 ,3.00 ,11.00 ,NULL
taniarascia/new-moon-chrome-devtools,56.00 ,5.00 ,2.00 ,0.00 ,5.00 ,CSS
rupa/mkdn,8.00 ,0.00 ,2.00 ,0.00 ,0.00 ,Python
AYIDouble/BMI-Calculator-JavaScript,18.00 ,7.00 ,2.00 ,0.00 ,2.00 ,JavaScript
sirinath/blog,0.00 ,0.00 ,2.00 ,0.00 ,23.00 ,Shell
artkirienko/final-html-css,1.00 ,0.00 ,2.00 ,1.00 ,0.00 ,CSS
benawad/basic-react-form,83.00 ,149.00 ,2.00 ,1.00 ,2.00 ,JavaScript
rogeriopvl/8bit,82.00 ,12.00 ,2.00 ,1.00 ,2.00 ,JavaScript
taniarascia/primitive,879.00 ,82.00 ,2.00 ,0.00 ,8.00 ,SCSS
themaaz32/download_teach,18.00 ,18.00 ,2.00 ,0.00 ,0.00 ,Dart
rchtgpt/tablot,0.00 ,0.00 ,2.00 ,0.00 ,5.00 ,Python
Harshal0902/COVID-19-Tracker,2.00 ,0.00 ,2.00 ,0.00 ,0.00 ,JavaScript
casatwy/RTNetworking,0.00 ,317.00 ,2.00 ,0.00 ,7.00 ,Objective-C
simonw/asgi-cors,15.00 ,3.00 ,2.00 ,2.00 ,0.00 ,Python
iamshaunjp/data-ui-with-d3-firebase,162.00 ,151.00 ,2.00 ,0.00 ,0.00 ,NULL
LiveOverflow/pwnedit,187.00 ,24.00 ,2.00 ,0.00 ,0.00 ,C
kylelix7/job-ui,1.00 ,0.00 ,2.00 ,0.00 ,0.00 ,JavaScript
devongovett/blob-stream,100.00 ,20.00 ,2.00 ,1.00 ,2.00 ,JavaScript
iamshaunjp/flutter-animations,90.00 ,76.00 ,2.00 ,0.00 ,0.00 ,NULL
kameshsampath/ansible-role-rosa-demos,0.00 ,0.00 ,2.00 ,0.00 ,2.00 ,Makefile
Anuj-Kumar-Sharma/Java-DSA,131.00 ,71.00 ,2.00 ,1.00 ,0.00 ,Java
xprilion/fireshort,63.00 ,28.00 ,2.00 ,0.00 ,4.00 ,JavaScript
kameshsampath/ansible-role-openshift-spices,2.00 ,1.00 ,2.00 ,0.00 ,2.00 ,HTML
simonw/asgi-csrf,40.00 ,2.00 ,2.00 ,0.00 ,17.00 ,Python
mrdbourke/airbnb-amenity-detection,142.00 ,47.00 ,2.00 ,1.00 ,2.00 ,Jupyter Notebook
kameshsampath/ansible-role-minikube,0.00 ,0.00 ,2.00 ,0.00 ,0.00 ,Makefile
simonw/asyncinject,26.00 ,1.00 ,2.00 ,0.00 ,2.00 ,Python
justinshenk/gitcommit,0.00 ,0.00 ,2.00 ,0.00 ,0.00 ,JavaScript
dylanbeattie/Confocal,0.00 ,0.00 ,2.00 ,0.00 ,0.00 ,CSS
motasimmakki/Chat-Application-In-Java,1.00 ,0.00 ,2.00 ,0.00 ,0.00 ,Java
markwylde/angular-fresh,2.00 ,1.00 ,2.00 ,0.00 ,0.00 ,JavaScript
trailofbits/cast2gif,7.00 ,2.00 ,2.00 ,0.00 ,0.00 ,Python
Orbiter/MetaGer,749.00 ,0.00 ,2.00 ,0.00 ,2.00 ,NULL
florinpop17/frontend-mentor-challenges,262.00 ,91.00 ,2.00 ,1.00 ,0.00 ,CSS
iamshaunjp/Customizing-Bootstrap-5,21.00 ,7.00 ,2.00 ,0.00 ,0.00 ,NULL
iamshaunjp/CSS-Tips-and-Tricks,60.00 ,52.00 ,2.00 ,1.00 ,0.00 ,NULL
ducc/DubTrack4J,1.00 ,3.00 ,2.00 ,0.00 ,3.00 ,Java
iamshaunjp/angular-2-playlist,31.00 ,49.00 ,2.00 ,0.00 ,0.00 ,CSS
Anurag5086/MentHealth,4.00 ,4.00 ,2.00 ,0.00 ,2.00 ,NULL
Anurag5086/Portfolio-website-themes,1.00 ,8.00 ,2.00 ,0.00 ,8.00 ,HTML
rijusougata13/movie-recommender,1.00 ,1.00 ,2.00 ,0.00 ,2.00 ,HTML
norbusan/jfontmaps,434.00 ,1.00 ,2.00 ,0.00 ,3.00 ,Perl
norbusan/cinnadock-p2,439.00 ,1.00 ,2.00 ,0.00 ,0.00 ,JavaScript
Anuj-Kumar-Sharma/Social-App,48.00 ,38.00 ,2.00 ,1.00 ,0.00 ,Kotlin
ritwickdey/ritwickdey.github.io,83.00 ,21.00 ,2.00 ,25.00 ,0.00 ,TypeScript
trailofbits/cvedb,12.00 ,4.00 ,2.00 ,1.00 ,3.00 ,Python
LiveOverflow/ctf,13.00 ,4.00 ,2.00 ,0.00 ,0.00 ,NULL
iamshaunjp/bootstrap-5-tutorial,146.00 ,148.00 ,2.00 ,1.00 ,0.00 ,NULL
IonicaBizau/ajs,21.00 ,6.00 ,2.00 ,0.00 ,2.00 ,JavaScript
artkirienko/n-th_longest,0.00 ,1.00 ,2.00 ,0.00 ,0.00 ,C++
artkirienko/final-html-css,1.00 ,0.00 ,2.00 ,1.00 ,0.00 ,CSS
IonicaBizau/add-subtract-date,7.00 ,1.00 ,2.00 ,0.00 ,0.00 ,JavaScript
jishanshaikh4/CSE-219-Principles-of-Programming-Languages,17.00 ,0.00 ,2.00 ,0.00 ,0.00 ,C++
jishanshaikh4/CSE-229-PHP-Laboratory,16.00 ,0.00 ,2.00 ,0.00 ,0.00 ,Hack
asweigart/automatetheboringstuffwithpythondotcom,63.00 ,37.00 ,2.00 ,5.00 ,0.00 ,HTML
iamshaunjp/complete-sass-tutorial,121.00 ,110.00 ,2.00 ,1.00 ,0.00 ,NULL
LiveOverflow/NECAnalyzer,44.00 ,17.00 ,2.00 ,0.00 ,0.00 ,C++
karar189/Music-App,0.00 ,0.00 ,2.00 ,0.00 ,0.00 ,JavaScript
PawanKolhe/C-Algorithms,59.00 ,52.00 ,2.00 ,7.00 ,36.00 ,C
PawanKolhe/amizone-fetch-api,4.00 ,2.00 ,2.00 ,0.00 ,0.00 ,JavaScript
eugenioclrc/binance-crypto-triangular-arbitrage,226.00 ,93.00 ,2.00 ,1.00 ,0.00 ,JavaScript
rogeriopvl/gulp-ejs,86.00 ,34.00 ,2.00 ,16.00 ,16.00 ,JavaScript
shazow/clicker.go,4.00 ,0.00 ,2.00 ,0.00 ,0.00 ,Go
shazow/apiclient,87.00 ,19.00 ,2.00 ,2.00 ,6.00 ,Python
iamshaunjp/data-ui-with-d3-firebase,162.00 ,151.00 ,2.00 ,0.00 ,0.00 ,NULL
nikhilkumarsingh/globTut,3.00 ,2.00 ,2.00 ,0.00 ,0.00 ,Jupyter Notebook
harryadel/blastjs,9.00 ,1.00 ,2.00 ,0.00 ,2.00 ,JavaScript
AnmolTomer/ml_bootcamp_udemy,6.00 ,6.00 ,2.00 ,0.00 ,2.00 ,Jupyter Notebook
iamshaunjp/Customizing-Bootstrap-5,21.00 ,7.00 ,2.00 ,0.00 ,0.00 ,NULL
iamshaunjp/CSS-Tips-and-Tricks,60.00 ,52.00 ,2.00 ,1.00 ,0.00 ,NULL
lmgonzalves/pieces,220.00 ,22.00 ,2.00 ,0.00 ,0.00 ,JavaScript
iamshaunjp/complete-sass-tutorial,121.00 ,110.00 ,2.00 ,1.00 ,0.00 ,NULL
kerrishotts/cordova-plugin-ios-launch-screen,3.00 ,1.00 ,2.00 ,0.00 ,0.00 ,JavaScript
lmgonzalves/segment,0.00 ,101.00 ,2.00 ,0.00 ,0.00 ,CSS
EddieHubCommunity/Hackathons,23.00 ,25.00 ,2.00 ,0.00 ,26.00 ,Java
iamshaunjp/bootstrap-5-tutorial,146.00 ,148.00 ,2.00 ,1.00 ,0.00 ,NULL
ankushKun/animedoro-timer,32.00 ,8.00 ,2.00 ,0.00 ,5.00 ,HTML
dcbuild3r/blockchain-development-guide,0.00 ,118.00 ,2.00 ,0.00 ,13.00 ,NULL
iamshaunjp/angular-2-playlist,31.00 ,49.00 ,2.00 ,0.00 ,0.00 ,CSS
taranjeet/everything-else,0.00 ,0.00 ,2.00 ,0.00 ,0.00 ,NULL
jasineri/gitartwork,183.00 ,32.00 ,2.00 ,5.00 ,3.00 ,NULL
casatwy/CTPersistance,742.00 ,156.00 ,2.00 ,1.00 ,9.00 ,Objective-C
iamshaunjp/flutter-animations,90.00 ,76.00 ,2.00 ,0.00 ,0.00 ,NULL
avikalpg/avikalpg.github.io,1.00 ,0.00 ,2.00 ,0.00 ,0.00 ,Roff
justinshenk/gitcommit,0.00 ,0.00 ,2.00 ,0.00 ,0.00 ,JavaScript
AnirudhDagar/gh-tracker,15.00 ,0.00 ,2.00 ,0.00 ,2.00 ,JavaScript
jgthms/bulma-versions,7.00 ,4.00 ,2.00 ,12.00 ,0.00 ,HTML
mattgallagher/CwlPreconditionTesting,157.00 ,39.00 ,2.00 ,0.00 ,7.00 ,Swift
jhonsnow456/Flutter-Apps-Project,5.00 ,0.00 ,2.00 ,0.00 ,0.00 ,Dart
avikalpg/github-profile,2.00 ,1.00 ,2.00 ,1.00 ,0.00 ,NULL
mattgallagher/CwlDemangle,112.00 ,25.00 ,2.00 ,1.00 ,6.00 ,Swift
ducc/ducclang,0.00 ,1.00 ,2.00 ,1.00 ,0.00 ,JavaScript
gabrielfalcao/couleur,41.00 ,3.00 ,2.00 ,1.00 ,2.00 ,Python
mattgallagher/CwlUtils,581.00 ,65.00 ,2.00 ,1.00 ,9.00 ,Swift
dylanbeattie/Confocal,0.00 ,0.00 ,2.00 ,0.00 ,0.00 ,CSS
carloscuesta/carloscuesta.me,39.00 ,7.00 ,2.00 ,0.00 ,7.00 ,JavaScript
marcel-dempers/cpu-performance-analysis,22.00 ,22.00 ,2.00 ,1.00 ,0.00 ,Shell
carloscuesta/starterkit,88.00 ,13.00 ,2.00 ,0.00 ,3.00 ,JavaScript
trailofbits/appjaillauncher-rs,97.00 ,14.00 ,2.00 ,0.00 ,4.00 ,Rust
priyanshumaitra/ccp-assignments,0.00 ,0.00 ,2.00 ,0.00 ,0.00 ,C++
IonicaBizau/animato.js,5.00 ,0.00 ,2.00 ,1.00 ,0.00 ,JavaScript
Vectorized/Solidity-Code-Reviews,1.00 ,0.00 ,1.00 ,3.00 ,0.00 ,NULL
ali123321123/Kids-Math-App,2.00 ,0.00 ,1.00 ,0.00 ,0.00 ,Java
Vectorized/VoxNet-Tensorflow,10.00 ,7.00 ,1.00 ,0.00 ,0.00 ,Python
codophobia/Multi-Client-Server-Chat,14.00 ,17.00 ,1.00 ,0.00 ,0.00 ,C
K-avin/movie-streaming-app,0.00 ,0.00 ,1.00 ,0.00 ,0.00 ,NULL
vivekweb2013/commandhunt,9.00 ,1.00 ,1.00 ,0.00 ,3.00 ,Java
sayakpaul/Breast-Cancer-Detection-using-Deep-Learning,28.00 ,24.00 ,1.00 ,0.00 ,0.00 ,Jupyter Notebook
MrTwinkleSharma/eCommerce,0.00 ,0.00 ,1.00 ,0.00 ,0.00 ,JavaScript
Vectorized/Python-KD-Tree,105.00 ,26.00 ,1.00 ,0.00 ,0.00 ,Python
lynxerzhang/AS3Util,3.00 ,1.00 ,1.00 ,0.00 ,0.00 ,ActionScript
Priyansh19077/ColorSwtichClone,5.00 ,3.00 ,1.00 ,0.00 ,2.00 ,Java
beatak/each_html_char-js,0.00 ,0.00 ,1.00 ,0.00 ,0.00 ,JavaScript
stemount/community,0.00 ,0.00 ,1.00 ,0.00 ,0.00 ,NULL
loveBabbar/ProgressTracker,10.00 ,2.00 ,1.00 ,0.00 ,0.00 ,Java
ducc/egg,14.00 ,0.00 ,1.00 ,0.00 ,0.00 ,Go
ducc/a2-coursework,0.00 ,0.00 ,1.00 ,0.00 ,0.00 ,JavaScript
siddhi-244/Embellish,39.00 ,99.00 ,1.00 ,0.00 ,55.00 ,HTML
hpaez/problemas-competencias,0.00 ,1.00 ,1.00 ,0.00 ,0.00 ,Java
Anuj-Kumar-Sharma/Rubiks_cube_Solver,26.00 ,8.00 ,1.00 ,0.00 ,0.00 ,Java
Anuj-Kumar-Sharma/GitLearningRepo,10.00 ,4.00 ,1.00 ,0.00 ,0.00 ,Python
Anuj-Kumar-Sharma/First-Contribution,17.00 ,0.00 ,1.00 ,567.00 ,4.00 ,NULL
Anuj-Kumar-Sharma/Firebook,30.00 ,29.00 ,1.00 ,3.00 ,0.00 ,Java
Anuj-Kumar-Sharma/Dad-Jokes-Chrome-Extension,29.00 ,26.00 ,1.00 ,0.00 ,0.00 ,HTML
iliyass-zamouri/flutter_agenda,3.00 ,2.00 ,1.00 ,0.00 ,0.00 ,Dart
oliveeyay/EtherTracker,4.00 ,0.00 ,1.00 ,0.00 ,0.00 ,Kotlin
ljharb/call-bind,5.00 ,3.00 ,1.00 ,0.00 ,0.00 ,JavaScript
ljharb/big-integer-min,2.00 ,2.00 ,1.00 ,0.00 ,0.00 ,JavaScript
ljharb/big-integer-max,3.00 ,0.00 ,1.00 ,0.00 ,2.00 ,JavaScript
ljharb/actions,7.00 ,0.00 ,1.00 ,0.00 ,0.00 ,JavaScript
kerrishotts/cordova-template-webpack-ts-scss,4.00 ,1.00 ,1.00 ,0.00 ,0.00 ,JavaScript
kerrishotts/cordova-template-webpack-babel-scss,6.00 ,0.00 ,1.00 ,0.00 ,0.00 ,JavaScript
kerrishotts/cordova-keyboard-example,15.00 ,0.00 ,1.00 ,0.00 ,0.00 ,CSS
YashKandalkar/Collabora,3.00 ,1.00 ,1.00 ,0.00 ,0.00 ,JavaScript
nikhilkumarsingh/glitch-test,1.00 ,6.00 ,1.00 ,0.00 ,0.00 ,Shell
nikhilkumarsingh/discovering-hidden-apis,7.00 ,11.00 ,1.00 ,0.00 ,0.00 ,Jupyter Notebook
nikhilkumarsingh/clix,15.00 ,34.00 ,1.00 ,0.00 ,3.00 ,Python
nikhilkumarsingh/async-http-requests-tut,38.00 ,25.00 ,1.00 ,1.00 ,0.00 ,Python
vicky002/CodeChef-API,6.00 ,0.00 ,1.00 ,0.00 ,0.00 ,Python
vicky002/charmander,7.00 ,0.00 ,1.00 ,0.00 ,2.00 ,Python
RamyaChinnadurai/intro-react,1.00 ,0.00 ,1.00 ,0.00 ,5.00 ,JavaScript
felangel/codemagic_bloc_unit_tests,12.00 ,15.00 ,1.00 ,0.00 ,0.00 ,Dart
felangel/bloc_todos,6.00 ,6.00 ,1.00 ,1.00 ,0.00 ,Dart
Anuj-Kumar-Sharma/Meme-Share,32.00 ,35.00 ,1.00 ,4.00 ,0.00 ,Kotlin
QAInsights/.new-shortcuts-domain-list,7.00 ,2.00 ,1.00 ,1.00 ,0.00 ,NULL
kunal-kushwaha/16JanGitWorkshop,0.00 ,0.00 ,1.00 ,0.00 ,0.00 ,NULL
QAInsights/Academy-Discussions,1.00 ,0.00 ,1.00 ,0.00 ,0.00 ,NULL
cblecker/cluster-api-provider-jira,5.00 ,0.00 ,1.00 ,0.00 ,0.00 ,Go
vaananart/codeql-uboot,0.00 ,0.00 ,1.00 ,0.00 ,2.00 ,CodeQL
rupa/j2,240.00 ,23.00 ,1.00 ,2.00 ,2.00 ,Python
rupa/cuecat,25.00 ,3.00 ,1.00 ,2.00 ,2.00 ,JavaScript
mscoutermarsh/AddEvent-Ruby,5.00 ,0.00 ,1.00 ,0.00 ,0.00 ,Ruby
ForrestPi/deepfakeDetection,0.00 ,0.00 ,1.00 ,0.00 ,0.00 ,Python
feross/chunk-store-stream,24.00 ,8.00 ,1.00 ,2.00 ,5.00 ,JavaScript
feross/chrome-net,131.00 ,26.00 ,1.00 ,0.00 ,12.00 ,JavaScript
feross/capture-frame,112.00 ,10.00 ,1.00 ,0.00 ,2.00 ,JavaScript
feross/blob-to-buffer,68.00 ,12.00 ,1.00 ,1.00 ,5.00 ,JavaScript
studiomohawk/js-testing-boilerplates,12.00 ,14.00 ,1.00 ,0.00 ,0.00 ,JavaScript
studiomohawk/jekyll-theme-the_minimum,42.00 ,10.00 ,1.00 ,1.00 ,0.00 ,Ruby
studiomohawk/FiveCast,3.00 ,0.00 ,1.00 ,0.00 ,0.00 ,Shell
IonicaBizau/asciify-pixel,3.00 ,0.00 ,1.00 ,0.00 ,0.00 ,JavaScript
IonicaBizau/ama,17.00 ,3.00 ,1.00 ,0.00 ,3.00 ,NULL
droy312/droy-hacktoberfest2020,1.00 ,2.00 ,1.00 ,2.00 ,2.00 ,C++
droy312/cpp_code2,1.00 ,4.00 ,1.00 ,1.00 ,4.00 ,C++
gunnarmorling/awesome-opensource-data-engineering,790.00 ,144.00 ,1.00 ,1.00 ,20.00 ,NULL
Luis-Miguel1/github-slideshow,0.00 ,0.00 ,1.00 ,0.00 ,8.00 ,Ruby
amacgregor/epub_parser,0.00 ,0.00 ,1.00 ,0.00 ,0.00 ,Elixir
amacgregor/crimson_commerce,72.00 ,11.00 ,1.00 ,31.00 ,3.00 ,Elixir
amacgregor/allanmacgregor,0.00 ,0.00 ,1.00 ,1.00 ,4.00 ,JavaScript
SauravMukherjee44/Portfolio-Saurav-Mukherjee,37.00 ,18.00 ,1.00 ,0.00 ,2.00 ,CSS
Errichto/convex-hull-of-dynamic-set,10.00 ,7.00 ,1.00 ,0.00 ,0.00 ,C++
shradha-khapra/software-product-sprint-2020,8.00 ,1.00 ,1.00 ,8.00 ,16.00 ,Java
manjurulhoque/android-scheduler,5.00 ,2.00 ,1.00 ,0.00 ,0.00 ,Java
PoojaB26/AwesomeFlutterPlaylist,339.00 ,110.00 ,1.00 ,0.00 ,3.00 ,NULL
Pavel401/LogIn-UI,0.00 ,0.00 ,1.00 ,0.00 ,2.00 ,Dart
shubhamkarande13/1stRepo,0.00 ,0.00 ,1.00 ,0.00 ,0.00 ,HTML
robertsdionne/neural-network-papers,0.00 ,377.00 ,1.00 ,0.00 ,2.00 ,JavaScript
Swayms-stack/Python-Programs,2.00 ,1.00 ,1.00 ,0.00 ,2.00 ,Jupyter Notebook
ayan2809/Go-Back-N-ARQ-,5.00 ,3.00 ,1.00 ,0.00 ,0.00 ,Python
avikalpg/POPL,37.00 ,13.00 ,1.00 ,0.00 ,3.00 ,Oz
yessine-agrebi/Interactive-pricing-compnent,1.00 ,0.00 ,1.00 ,0.00 ,0.00 ,CSS
danger-ahead/flutter_dictionary,5.00 ,0.00 ,1.00 ,0.00 ,2.00 ,Dart
danger-ahead/flutter_dev_folio,24.00 ,8.00 ,1.00 ,1.00 ,2.00 ,Dart
savannahar68/Firefox-Assistant-Anna-,0.00 ,0.00 ,1.00 ,0.00 ,0.00 ,JavaScript
ethereum/cable,30.00 ,15.00 ,1.00 ,1.00 ,2.00 ,CMake
ethereum/asyncio-cancel-token,9.00 ,7.00 ,1.00 ,0.00 ,5.00 ,Python
Daniel-Bessa/NavMenu,0.00 ,0.00 ,1.00 ,0.00 ,0.00 ,NULL
davglass/builder,3.00 ,57.00 ,1.00 ,0.00 ,0.00 ,JavaScript
dwij2812/Grain-Monitoring-System-Using-LoRaWAN-Webapp,1.00 ,0.00 ,1.00 ,0.00 ,2.00 ,HTML
dwij2812/Accord-Checkout,0.00 ,0.00 ,1.00 ,10.00 ,3.00 ,HTML
arogozhnikov/3d_nn,166.00 ,34.00 ,1.00 ,0.00 ,0.00 ,JavaScript
hiranmayee98/github-slideshow,0.00 ,0.00 ,1.00 ,3.00 ,8.00 ,Ruby
0zul/canvamoji,2.00 ,0.00 ,1.00 ,1.00 ,0.00 ,JavaScript
codingkush/github-upload,0.00 ,0.00 ,1.00 ,0.00 ,0.00 ,NULL
MrToph/eos-pay-for-user-cpu-example,10.00 ,8.00 ,1.00 ,4.00 ,0.00 ,TypeScript
D3xter1922/FirstReactWebApp,0.00 ,1.00 ,1.00 ,0.00 ,0.00 ,JavaScript
manjurulhoque/angular-task,0.00 ,0.00 ,1.00 ,20.00 ,2.00 ,HTML
lmorchard/arboretum,1.00 ,1.00 ,1.00 ,0.00 ,0.00 ,JavaScript
asweigart/asciiartjsondb,7.00 ,0.00 ,1.00 ,0.00 ,0.00 ,Python
shradha-khapra/Apni-Kaksha-Demo-Tasks,7.00 ,21.00 ,1.00 ,9.00 ,3.00 ,NULL
ralexstokes/cargo-template,0.00 ,0.00 ,1.00 ,0.00 ,0.00 ,Rust
shradha-khapra/ApnaCollege-Java,60.00 ,35.00 ,1.00 ,0.00 ,0.00 ,Java
btholt/complete-intro-to-realtime,62.00 ,25.00 ,1.00 ,4.00 ,3.00 ,JavaScript
btholt/complete-intro-to-linux-and-the-cli,303.00 ,93.00 ,1.00 ,27.00 ,9.00 ,JavaScript
btholt/complete-intro-to-databases,147.00 ,55.00 ,1.00 ,11.00 ,10.00 ,JavaScript
btholt/btholt.github.io,7.00 ,10.00 ,1.00 ,1.00 ,0.00 ,CSS
RonLek/C-AWARE,1.00 ,0.00 ,1.00 ,0.00 ,0.00 ,Python
RonLek/Alive,2.00 ,0.00 ,1.00 ,0.00 ,0.00 ,C++
WhiteHouse/mobile-policy,3.00 ,8.00 ,1.00 ,1.00 ,0.00 ,CSS
WhiteHouse/choropleth_dataset,3.00 ,11.00 ,1.00 ,2.00 ,4.00 ,JavaScript
douglascrockford/TDOP,146.00 ,32.00 ,1.00 ,0.00 ,2.00 ,HTML
douglascrockford/Programma,99.00 ,15.00 ,1.00 ,0.00 ,0.00 ,NULL
douglascrockford/JSON-js,0.00 ,0.00 ,1.00 ,3.00 ,0.00 ,JavaScript
douglascrockford/JSON-c,104.00 ,33.00 ,1.00 ,0.00 ,0.00 ,C
douglascrockford/fash,29.00 ,6.00 ,1.00 ,0.00 ,0.00 ,Assembly
AnmolTomer/ejs_projects,2.00 ,0.00 ,1.00 ,14.00 ,2.00 ,JavaScript
Mitesh411/hello-github-actions,0.00 ,0.00 ,1.00 ,0.00 ,3.00 ,Dockerfile
Mitesh411/apache-jmeter,0.00 ,0.00 ,1.00 ,0.00 ,0.00 ,NULL
jhonsnow456/Tkinter-Collections,0.00 ,0.00 ,1.00 ,0.00 ,0.00 ,Python
jhonsnow456/ML-Algorithms,2.00 ,5.00 ,1.00 ,0.00 ,0.00 ,Jupyter Notebook
jhonsnow456/CLI-RPG-Game,0.00 ,0.00 ,1.00 ,0.00 ,0.00 ,Python
jhonsnow456/Blog-App,0.00 ,0.00 ,1.00 ,0.00 ,0.00 ,JavaScript
LiveOverflow/lo_nintendoswitch,196.00 ,26.00 ,1.00 ,1.00 ,0.00 ,HTML
LiveOverflow/CTFnotes,5.00 ,1.00 ,1.00 ,0.00 ,0.00 ,NULL
sayakpaul/Benchmarking-and-MLI-experiments-on-the-Adult-dataset,35.00 ,12.00 ,1.00 ,0.00 ,0.00 ,Jupyter Notebook
smaranjitghose/ArtCV,47.00 ,36.00 ,1.00 ,1.00 ,12.00 ,Jupyter Notebook
localstack/localstack-packaged-cli,2.00 ,0.00 ,1.00 ,0.00 ,0.00 ,Makefile
tobie/async-it,6.00 ,1.00 ,1.00 ,0.00 ,2.00 ,JavaScript
taniarascia/chip8,363.00 ,37.00 ,1.00 ,1.00 ,4.00 ,JavaScript
taniarascia/memory,96.00 ,37.00 ,1.00 ,1.00 ,5.00 ,JavaScript
taniarascia/node-api-postgres,85.00 ,52.00 ,1.00 ,2.00 ,3.00 ,JavaScript
taniarascia/pdo,216.00 ,183.00 ,1.00 ,0.00 ,2.00 ,PHP
iamakshat01/e-gurukul,0.00 ,2.00 ,1.00 ,0.00 ,3.00 ,JavaScript
iamakshat01/markdown-portfolio,0.00 ,0.00 ,1.00 ,0.00 ,4.00 ,NULL
aviaryan/Ahk-CI-Example,14.00 ,1.00 ,1.00 ,1.00 ,0.00 ,AutoHotkey
aviaryan/alfred-clc,16.00 ,1.00 ,1.00 ,1.00 ,0.00 ,Shell
aviaryan/alfred-last2imgur,14.00 ,1.00 ,1.00 ,1.00 ,2.00 ,Shell
aviaryan/chattt,248.00 ,20.00 ,1.00 ,0.00 ,0.00 ,JavaScript
aviaryan/CloseFolder,9.00 ,2.00 ,1.00 ,0.00 ,0.00 ,Python
nikita9604/Blogging-Website-using-Flask,2.00 ,3.00 ,1.00 ,0.00 ,0.00 ,HTML
PremChapagain/premchapagain,39.00 ,9.00 ,1.00 ,2.00 ,0.00 ,NULL
AYIDouble/Binary-Calculator-Android-Java-App,15.00 ,5.00 ,1.00 ,1.00 ,3.00 ,Java
AYIDouble/Brainfuck-Interpreter-Node.js,10.00 ,0.00 ,1.00 ,0.00 ,2.00 ,JavaScript
Shreeshrii/tessdata_ocrb,56.00 ,12.00 ,1.00 ,0.00 ,0.00 ,Shell
Shreeshrii/tessdata_emoji,6.00 ,1.00 ,1.00 ,0.00 ,0.00 ,Shell
Shreeshrii/tessdata_arabic,22.00 ,5.00 ,1.00 ,0.00 ,0.00 ,Shell
skpandey885/HealhUb,19.00 ,36.00 ,1.00 ,0.00 ,23.00 ,HTML
lmgonzalves/jelly,111.00 ,32.00 ,1.00 ,0.00 ,2.00 ,JavaScript
lmgonzalves/letters,57.00 ,8.00 ,1.00 ,0.00 ,2.00 ,JavaScript
lmgonzalves/lmgonzalves.github.io,3.00 ,0.00 ,1.00 ,0.00 ,0.00 ,CSS
ankushKun/ankushKun,4.00 ,8.00 ,1.00 ,0.00 ,2.00 ,NULL
yashrajkakkad/AUtomate,5.00 ,2.00 ,1.00 ,1.00 ,3.00 ,Python
skpandey885/Flipkart-UI-Clone,0.00 ,0.00 ,1.00 ,0.00 ,0.00 ,HTML
jasineri/jasineri,28.00 ,37.00 ,1.00 ,0.00 ,0.00 ,NULL
Shreeshrii/tess5training-rajarajan,1.00 ,0.00 ,1.00 ,0.00 ,0.00 ,Shell
jasineri/useful-commands,22.00 ,2.00 ,1.00 ,0.00 ,2.00 ,NULL
andreyscott/banner,1.00 ,0.00 ,1.00 ,0.00 ,0.00 ,HTML
aldriguz/dotnet-training,1.00 ,0.00 ,1.00 ,0.00 ,0.00 ,C#
aldriguz/SampleMVC,1.00 ,0.00 ,1.00 ,0.00 ,0.00 ,C#
ArefMq/action-recognition-via-snn,16.00 ,4.00 ,1.00 ,0.00 ,0.00 ,Python
ArefMq/SPLCommunicationTester,2.00 ,3.00 ,1.00 ,0.00 ,0.00 ,C++
AYIDouble/Decentralized-World-Wide-Web-ERC-721,13.00 ,5.00 ,1.00 ,1.00 ,2.00 ,Solidity
AYIDouble/IOTA-Arbitrage,13.00 ,6.00 ,1.00 ,0.00 ,2.00 ,JavaScript
kdeldycke/awesome-falsehood,0.00 ,469.00 ,1.00 ,1.00 ,32.00 ,NULL
byt3bl33d3r/BeEF-API,75.00 ,23.00 ,1.00 ,1.00 ,0.00 ,Python
newwebash/cat-clicker,0.00 ,0.00 ,1.00 ,0.00 ,0.00 ,JavaScript
newwebash/fcc-product-landing-page,0.00 ,0.00 ,1.00 ,0.00 ,0.00 ,HTML
newwebash/fcc-tribute-page,0.00 ,0.00 ,1.00 ,0.00 ,0.00 ,HTML
newwebash/portfolio-boilerplate,0.00 ,0.00 ,1.00 ,0.00 ,0.00 ,NULL
shreyassai123/NFT-Wallet,26.00 ,3.00 ,1.00 ,0.00 ,0.00 ,Swift
Hritik14/BashServerClient,1.00 ,1.00 ,1.00 ,0.00 ,0.00 ,Shell
byt3bl33d3r/CME-PowerShell-Scripts,41.00 ,30.00 ,1.00 ,1.00 ,0.00 ,PowerShell
Clueless-Community/collegeAPI,11.00 ,1.00 ,1.00 ,0.00 ,0.00 ,Python
byt3bl33d3r/DHCPShock,81.00 ,31.00 ,1.00 ,1.00 ,0.00 ,Python
byt3bl33d3r/hookme,12.00 ,5.00 ,1.00 ,0.00 ,0.00 ,C#
xchanmolx/E-CommerceApp,49.00 ,2.00 ,1.00 ,0.00 ,0.00 ,C#
EddieHubCommunity/gh-action-open-source-labels,16.00 ,18.00 ,1.00 ,0.00 ,10.00 ,NULL
EddieHubCommunity/LiveStream-GitOps-Demo,9.00 ,2.00 ,1.00 ,0.00 ,2.00 ,JavaScript
shreyashankar/datatracker,5.00 ,0.00 ,1.00 ,0.00 ,0.00 ,Python
masterpranay1/form-validator,0.00 ,0.00 ,1.00 ,0.00 ,0.00 ,JavaScript
DeepGautamFullStack/Integrating-Chart-Js-in-Angular-7,16.00 ,8.00 ,1.00 ,0.00 ,0.00 ,TypeScript
unnat404/eCommerce,2.00 ,0.00 ,1.00 ,0.00 ,0.00 ,JavaScript
adil-Pathan/github-slideshow,0.00 ,0.00 ,1.00 ,0.00 ,8.00 ,Ruby
unnat404/My-DSA-Handbook,3.00 ,1.00 ,1.00 ,0.00 ,0.00 ,C++
benawad/apollo-link-state-tutorial,27.00 ,9.00 ,1.00 ,0.00 ,0.00 ,TypeScript
benawad/benawad.com,106.00 ,34.00 ,1.00 ,2.00 ,3.00 ,JavaScript
benawad/cra-redux-saga,75.00 ,41.00 ,1.00 ,0.00 ,0.00 ,JavaScript
SpaceLeft/Lavalink,1.00 ,0.00 ,1.00 ,2.00 ,2.00 ,Shell
jdrago999/AWS-S3,14.00 ,6.00 ,1.00 ,0.00 ,5.00 ,Perl
iamrajiv/helloworld-grpc-gateway,21.00 ,14.00 ,1.00 ,0.00 ,0.00 ,Go
sagesharp/code-of-conduct-template,12.00 ,9.00 ,1.00 ,0.00 ,8.00 ,NULL
openfoodfacts/.github,0.00 ,2.00 ,1.00 ,1.00 ,3.00 ,NULL
openfoodfacts/bio-codes,0.00 ,1.00 ,1.00 ,0.00 ,0.00 ,NULL
openfoodfacts/egg-codes,1.00 ,1.00 ,1.00 ,0.00 ,0.00 ,NULL
openfoodfacts/fastlane-descriptions,0.00 ,0.00 ,1.00 ,2.00 ,3.00 ,JavaScript
openfoodfacts/impactestimator,3.00 ,1.00 ,1.00 ,4.00 ,5.00 ,Python
hellofuddin/github-slideshow,0.00 ,0.00 ,1.00 ,0.00 ,2.00 ,HTML
lmgonzalves/elastic-range-input,34.00 ,7.00 ,1.00 ,0.00 ,0.00 ,CSS
mattgallagher/CwlWhitespace,26.00 ,1.00 ,1.00 ,0.00 ,0.00 ,Swift
shazow/colorlib,16.00 ,0.00 ,1.00 ,0.00 ,0.00 ,JavaScript
mattgallagher/CwlViews,166.00 ,6.00 ,1.00 ,0.00 ,3.00 ,Swift
saniya44/github-slideshow,0.00 ,0.00 ,1.00 ,3.00 ,8.00 ,Ruby
lengstrom/blog,1.00 ,0.00 ,1.00 ,0.00 ,0.00 ,HTML
lengstrom/Dangerous-Chef-Pioneer,5.00 ,605.00 ,1.00 ,0.00 ,0.00 ,JavaScript
cyborgboy/intro-to-semgrep,0.00 ,0.00 ,1.00 ,1.00 ,2.00 ,TypeScript
PragneshRamani/Coursera--Using-Databases-with-Python,24.00 ,60.00 ,1.00 ,2.00 ,0.00 ,JavaScript
iamshaunjp/bootstrap-4-playlist,66.00 ,90.00 ,1.00 ,2.00 ,0.00 ,NULL
iamshaunjp/complete-mongodb,47.00 ,9.00 ,1.00 ,1.00 ,0.00 ,NULL
iamshaunjp/firestore-pagination-tutorial,19.00 ,16.00 ,1.00 ,0.00 ,0.00 ,NULL
justinshenk/deepemotion,12.00 ,7.00 ,1.00 ,0.00 ,2.00 ,JavaScript
lukefire5156/REMOTE-EDUCATION-APP---EMAGISTER,6.00 ,1.00 ,1.00 ,0.00 ,0.00 ,Java
siddhi-244/Embellish,39.00 ,99.00 ,1.00 ,0.00 ,55.00 ,HTML
vasu-1/GithubBotApp,6.00 ,1.00 ,1.00 ,0.00 ,0.00 ,Python
carloscuesta/n26-github-actions-demo,1.00 ,0.00 ,1.00 ,0.00 ,0.00 ,JavaScript
aloisdeniel/dart-opencage-geocoder,7.00 ,4.00 ,1.00 ,1.00 ,3.00 ,Dart
aloisdeniel/feature_flags,18.00 ,1.00 ,1.00 ,1.00 ,0.00 ,Dart
Anurag5086/chatify,0.00 ,1.00 ,1.00 ,0.00 ,3.00 ,JavaScript
JDevlieghere/InTeXration,18.00 ,4.00 ,1.00 ,0.00 ,0.00 ,Python
KrauseFx/engagement-enhancer,3.00 ,0.00 ,1.00 ,0.00 ,0.00 ,NULL
artkirienko/int-flip,0.00 ,0.00 ,1.00 ,0.00 ,0.00 ,C
vasu-1/GithubBotApp,6.00 ,1.00 ,1.00 ,0.00 ,0.00 ,Python
carloscuesta/n26-github-actions-demo,1.00 ,0.00 ,1.00 ,0.00 ,0.00 ,JavaScript
aloisdeniel/dart-opencage-geocoder,7.00 ,4.00 ,1.00 ,1.00 ,3.00 ,Dart
aloisdeniel/feature_flags,18.00 ,1.00 ,1.00 ,1.00 ,0.00 ,Dart
antoniaandreou/github-slideshow,0.00 ,0.00 ,1.00 ,0.00 ,8.00 ,HTML
artkirienko/hlds-docker-dproto,19.00 ,2.00 ,1.00 ,0.00 ,0.00 ,Pawn
artkirienko/int-null-even,0.00 ,0.00 ,1.00 ,1.00 ,0.00 ,C
KrauseFx/dotfiles,84.00 ,7.00 ,1.00 ,1.00 ,0.00 ,Shell
divyamagwl/Depocalypse,14.00 ,5.00 ,1.00 ,0.00 ,4.00 ,JavaScript
ritwickdey/Cake-Shop,44.00 ,40.00 ,1.00 ,1.00 ,0.00 ,C#
ritwickdey/expensify-app,4.00 ,3.00 ,1.00 ,0.00 ,0.00 ,JavaScript
stong/infosec-resources,799.00 ,72.00 ,1.00 ,0.00 ,3.00 ,NULL
KrauseFx/certs,7.00 ,0.00 ,1.00 ,0.00 ,0.00 ,NULL
KrauseFx/doesitrain.today,5.00 ,2.00 ,1.00 ,1.00 ,0.00 ,Ruby
antoniaandreou/github-slideshow,0.00 ,0.00 ,1.00 ,0.00 ,8.00 ,HTML
artkirienko/hlds-docker-dproto,19.00 ,2.00 ,1.00 ,0.00 ,0.00 ,Pawn
artkirienko/int-flip,0.00 ,0.00 ,1.00 ,0.00 ,0.00 ,C
meenal21/meenal-jain,1.00 ,0.00 ,1.00 ,0.00 ,0.00 ,CSS
justinshenk/deepemotion,12.00 ,7.00 ,1.00 ,0.00 ,2.00 ,JavaScript
lukefire5156/REMOTE-EDUCATION-APP---EMAGISTER,6.00 ,1.00 ,1.00 ,0.00 ,0.00 ,Java
ashryanbeats/favicon-export-for-xd,2.00 ,0.00 ,1.00 ,0.00 ,1.00 ,JavaScript
blackstorm0514/Moonsama-ERC1155-Subsquid,0.00 ,1.00 ,1.00 ,0.00 ,0.00 ,TypeScript
blackstorm0514/opencart_bizzsite,8.00 ,0.00 ,1.00 ,0.00 ,0.00 ,PHP
meenal21/markdown-portfolio,0.00 ,0.00 ,1.00 ,0.00 ,2.00 ,NULL
Justin77777/github-slideshow,0.00 ,0.00 ,1.00 ,0.00 ,8.00 ,HTML
iamshaunjp/complete-mongodb,47.00 ,9.00 ,1.00 ,1.00 ,0.00 ,NULL
5cientist/5cientist,2.00 ,0.00 ,1.00 ,0.00 ,0.00 ,NULL
aka-jain/Github-Search,0.00 ,0.00 ,1.00 ,0.00 ,0.00 ,JavaScript
vitasha10/vkbot,6.00 ,1.00 ,1.00 ,0.00 ,0.00 ,PHP
jigar-sable/flipkart-mern,91.00 ,49.00 ,1.00 ,0.00 ,0.00 ,JavaScript
mattgallagher/Clocks,102.00 ,9.00 ,1.00 ,0.00 ,0.00 ,Swift
mattgallagher/CwlFeedReader,29.00 ,2.00 ,1.00 ,0.00 ,0.00 ,Swift
iamshaunjp/firestore-pagination-tutorial,19.00 ,16.00 ,1.00 ,0.00 ,0.00 ,NULL
iamshaunjp/bootstrap-4-playlist,66.00 ,90.00 ,1.00 ,2.00 ,0.00 ,NULL
artkirienko/int-null-even,0.00 ,0.00 ,1.00 ,1.00 ,0.00 ,C
KrauseFx/dotfiles,84.00 ,7.00 ,1.00 ,1.00 ,0.00 ,Shell
divyamagwl/Depocalypse,14.00 ,5.00 ,1.00 ,0.00 ,4.00 ,JavaScript
ritwickdey/Cake-Shop,44.00 ,40.00 ,1.00 ,1.00 ,0.00 ,C#
ritwickdey/expensify-app,4.00 ,3.00 ,1.00 ,0.00 ,0.00 ,JavaScript
stong/infosec-resources,799.00 ,72.00 ,1.00 ,0.00 ,3.00 ,NULL
KrauseFx/certs,7.00 ,0.00 ,1.00 ,0.00 ,0.00 ,NULL
KrauseFx/doesitrain.today,5.00 ,2.00 ,1.00 ,1.00 ,0.00 ,Ruby
KrauseFx/engagement-enhancer,3.00 ,0.00 ,1.00 ,0.00 ,0.00 ,NULL
PragneshRamani/Coursera--Using-Databases-with-Python,24.00 ,60.00 ,1.00 ,2.00 ,0.00 ,JavaScript
JDevlieghere/InTeXration,18.00 ,4.00 ,1.00 ,0.00 ,0.00 ,Python
Anurag5086/chatify,0.00 ,1.00 ,1.00 ,0.00 ,3.00 ,JavaScript
saniya44/github-slideshow,0.00 ,0.00 ,1.00 ,3.00 ,8.00 ,Ruby
lengstrom/blog,1.00 ,0.00 ,1.00 ,0.00 ,0.00 ,HTML
lengstrom/Dangerous-Chef-Pioneer,5.00 ,605.00 ,1.00 ,0.00 ,0.00 ,JavaScript
cyborgboy/intro-to-semgrep,0.00 ,0.00 ,1.00 ,1.00 ,2.00 ,TypeScript
shazow/colorblendy,22.00 ,1.00 ,1.00 ,0.00 ,3.00 ,JavaScript
shazow/communal,43.00 ,2.00 ,1.00 ,0.00 ,2.00 ,Go
localstack/ci-plugin-circleci,3.00 ,0.00 ,1.00 ,0.00 ,3.00 ,Makefile
AshAman999/Link-Shortner,0.00 ,0.00 ,1.00 ,0.00 ,0.00 ,JavaScript
bradtraversy/breaking-bad-cast,225.00 ,150.00 ,1.00 ,2.00 ,6.00 ,JavaScript
bradtraversy/breakout_desktop_nw,83.00 ,27.00 ,1.00 ,8.00 ,0.00 ,JavaScript
saurabhdaware/abell-source-devto,0.00 ,0.00 ,1.00 ,3.00 ,2.00 ,JavaScript
saurabhdaware/blep,14.00 ,1.00 ,1.00 ,0.00 ,0.00 ,JavaScript
saurabhdaware/import-ls,9.00 ,0.00 ,1.00 ,0.00 ,0.00 ,JavaScript
EstrelaE/quadras-dos-santos,0.00 ,0.00 ,1.00 ,0.00 ,0.00 ,JavaScript
goforbg/ClickableMapView,36.00 ,8.00 ,1.00 ,1.00 ,2.00 ,Kotlin
lucianmarin/instanote,17.00 ,2.00 ,1.00 ,0.00 ,0.00 ,PHP
lucianmarin/logparser,137.00 ,2.00 ,1.00 ,0.00 ,0.00 ,Python
lucianmarin/pressdown,2.00 ,0.00 ,1.00 ,1.00 ,0.00 ,PHP
lucianmarin/pybench,6.00 ,1.00 ,1.00 ,1.00 ,0.00 ,Python
lucianmarin/wp-journalist,6.00 ,2.00 ,1.00 ,0.00 ,2.00 ,PHP
brettkromkamp/knowledge-graph-experiments,1.00 ,0.00 ,1.00 ,0.00 ,0.00 ,Python
brettkromkamp/typed-tree,14.00 ,1.00 ,1.00 ,0.00 ,2.00 ,Python
Dashon-Hawkins/calculator-app,0.00 ,0.00 ,1.00 ,7.00 ,0.00 ,JavaScript
bradtraversy/brainjs_examples,105.00 ,58.00 ,1.00 ,0.00 ,3.00 ,JavaScript
bradtraversy/bootstrap-bootcamp-website,321.00 ,318.00 ,1.00 ,2.00 ,0.00 ,HTML
bradtraversy/bootsassy,6.00 ,3.00 ,1.00 ,0.00 ,0.00 ,JavaScript
AnkushMalaker/pretrained-dcnn-attention-ser,4.00 ,0.00 ,1.00 ,0.00 ,0.00 ,Python
rchtgpt/certifyed,2.00 ,0.00 ,1.00 ,0.00 ,2.00 ,Python
themaaz32/audio_playere_tet,17.00 ,13.00 ,1.00 ,0.00 ,0.00 ,Dart
themaaz32/design_clone,38.00 ,32.00 ,1.00 ,0.00 ,0.00 ,Dart
GmGniap/MOHS_Scraper,0.00 ,0.00 ,1.00 ,0.00 ,0.00 ,Python
Debajyoti14/Meal-App,0.00 ,0.00 ,1.00 ,0.00 ,0.00 ,Dart
AnkushMalaker/HUSE,14.00 ,2.00 ,1.00 ,0.00 ,0.00 ,Python
jakearchibald/aac-decode-bug,0.00 ,2.00 ,1.00 ,0.00 ,0.00 ,HTML
bradtraversy/bizlight_theme,43.00 ,18.00 ,1.00 ,0.00 ,0.00 ,CSS
jakearchibald/accept-encoding-range-test,2.00 ,2.00 ,1.00 ,1.00 ,0.00 ,JavaScript
jakearchibald/appcache-demo,240.00 ,44.00 ,1.00 ,0.00 ,0.00 ,Python
jakearchibald/async-waituntil-polyfill,31.00 ,4.00 ,1.00 ,0.00 ,0.00 ,JavaScript
securearth/backman,3.00 ,0.00 ,1.00 ,0.00 ,4.00 ,Python
bradtraversy/a4app,82.00 ,52.00 ,1.00 ,1.00 ,2.00 ,TypeScript
bradtraversy/angular-crash-todolist,224.00 ,232.00 ,1.00 ,1.00 ,2.00 ,TypeScript
hrushikesh-git/foodDom,0.00 ,0.00 ,1.00 ,5.00 ,0.00 ,JavaScript
itaditya/AM-admin-panel,0.00 ,0.00 ,1.00 ,1.00 ,0.00 ,HTML
itaditya/AR-shopping,2.00 ,5.00 ,1.00 ,0.00 ,2.00 ,HTML
trailofbits/btfparse,5.00 ,1.00 ,1.00 ,0.00 ,3.00 ,C++
RivaanRanawat/flutter-multiplayer-tictactoe,13.00 ,9.00 ,1.00 ,0.00 ,0.00 ,Dart
education/autograding-example-c,7.00 ,17.00 ,1.00 ,0.00 ,0.00 ,Shell
education/autograding-example-cpp,7.00 ,9.00 ,1.00 ,1.00 ,0.00 ,C++
education/autograding-example-java,21.00 ,59.00 ,1.00 ,1.00 ,0.00 ,Java
education/autograding-example-python,31.00 ,86.00 ,1.00 ,3.00 ,0.00 ,Python
trailofbits/brew-pip-audit,0.00 ,0.00 ,1.00 ,0.00 ,2.00 ,Ruby
trailofbits/cfg-showcase,38.00 ,12.00 ,1.00 ,0.00 ,2.00 ,C++
Rivuozil/github-slideshow,0.00 ,0.00 ,1.00 ,0.00 ,8.00 ,HTML
jamesbachini/satoshisearch,0.00 ,2.00 ,1.00 ,0.00 ,2.00 ,JavaScript
Raz0r/codeql-uboot,0.00 ,0.00 ,1.00 ,0.00 ,2.00 ,CodeQL
AnirudhDagar/comments,0.00 ,0.00 ,1.00 ,0.00 ,0.00 ,NULL
localstack/.github,3.00 ,2.00 ,1.00 ,0.00 ,2.00 ,NULL
localstack/amplify-js-local,16.00 ,1.00 ,1.00 ,0.00 ,2.00 ,JavaScript
localstack/chalice-local,17.00 ,2.00 ,1.00 ,0.00 ,0.00 ,Python
RivaanRanawat/cuadro,8.00 ,7.00 ,1.00 ,0.00 ,0.00 ,Dart
eddiejaoude/BattleSnake,1.00 ,0.00 ,1.00 ,0.00 ,0.00 ,Gherkin
PranamBhat/Angular-Ivy-Compiler,0.00 ,1.00 ,1.00 ,0.00 ,2.00 ,TypeScript
devongovett/apple-color-emoji,54.00 ,11.00 ,1.00 ,2.00 ,4.00 ,JavaScript
kaushik-rishi/codemirror-record,0.00 ,0.00 ,1.00 ,0.00 ,2.00 ,JavaScript
kaushik-rishi/procmon,1.00 ,0.00 ,1.00 ,0.00 ,0.00 ,JavaScript
vaibhavdes/LearnDesignPatterns,0.00 ,0.00 ,1.00 ,0.00 ,0.00 ,NULL
ifnotak/Strenua,0.00 ,0.00 ,1.00 ,0.00 ,0.00 ,JavaScript
idvoretskyi/community-tools,0.00 ,0.00 ,1.00 ,0.00 ,0.00 ,CSS
DevGupta-ikr/github-slideshow,0.00 ,0.00 ,1.00 ,0.00 ,8.00 ,Ruby
devongovett/babel-plugin-transform-async-super,4.00 ,1.00 ,1.00 ,0.00 ,0.00 ,JavaScript
Ipseeta/JavaPractice,0.00 ,0.00 ,1.00 ,0.00 ,0.00 ,Java
devongovett/babel-plugin-transform-glob-import,5.00 ,4.00 ,1.00 ,3.00 ,0.00 ,JavaScript
devongovett/bmp.js,14.00 ,3.00 ,1.00 ,0.00 ,0.00 ,CoffeeScript
devongovett/bundler-algorithm,28.00 ,2.00 ,1.00 ,0.00 ,0.00 ,Rust
benfoxall/code-along,0.00 ,1.00 ,1.00 ,0.00 ,0.00 ,JavaScript
anuraghazra/CanvasFun,141.00 ,30.00 ,1.00 ,1.00 ,0.00 ,JavaScript
Ipseeta/CRUD-SpringMVC-Mongo-API,2.00 ,0.00 ,1.00 ,0.00 ,0.00 ,HTML
prtamil/cstl,0.00 ,0.00 ,1.00 ,0.00 ,2.00 ,C
AshAman999/FUNZONE,2.00 ,1.00 ,1.00 ,0.00 ,2.00 ,Dart
curiousily/burglar-alarm-system-with-tensorflow-js-and-react,1.00 ,0.00 ,1.00 ,0.00 ,0.00 ,JavaScript
AshAman999/FlutterFestival,0.00 ,1.00 ,1.00 ,0.00 ,0.00 ,NULL
StErMi/forge-damn-vulnerable-defi,12.00 ,1.00 ,1.00 ,0.00 ,0.00 ,Solidity
adrianhajdin/project_gif_app,23.00 ,8.00 ,1.00 ,0.00 ,0.00 ,CSS
jishanshaikh4/cpp-building,16.00 ,0.00 ,1.00 ,0.00 ,0.00 ,QMake
jishanshaikh4/CSE-215-Computer-Graphics-Programs,16.00 ,1.00 ,1.00 ,0.00 ,0.00 ,C
jishanshaikh4/CSE-217-Data-Structures-Laboratory,23.00 ,3.00 ,1.00 ,0.00 ,2.00 ,C++
jishanshaikh4/CSE-315-Compiler-Design-Laboratory,16.00 ,0.00 ,1.00 ,0.00 ,0.00 ,C
jishanshaikh4/CSE-317-Operating-Systems-Laboratory,16.00 ,2.00 ,1.00 ,0.00 ,0.00 ,C++
jishanshaikh4/cuda-programs,14.00 ,0.00 ,1.00 ,1.00 ,0.00 ,Cuda
SOUMEE2000/Goodreads-Book-Finder-Getting-Started-Project-,3.00 ,2.00 ,1.00 ,0.00 ,0.00 ,HTML
Novusvetus/AutoGitIgnore,6.00 ,0.00 ,1.00 ,2.00 ,2.00 ,PHP
Novusvetus/ClassHelper,5.00 ,0.00 ,1.00 ,2.00 ,2.00 ,PHP
Novusvetus/StreamersMQTT,2.00 ,0.00 ,1.00 ,0.00 ,0.00 ,NULL
mrdbourke/food-not-food,45.00 ,9.00 ,1.00 ,0.00 ,2.00 ,Jupyter Notebook
ahmedEid1/E-Learning-Platform,11.00 ,11.00 ,1.00 ,0.00 ,0.00 ,JavaScript
thrau/my-action-tests,1.00 ,0.00 ,1.00 ,0.00 ,3.00 ,Python
taranjeet/hindi-news-classifier,0.00 ,0.00 ,1.00 ,0.00 ,0.00 ,Python
taranjeet/django-library-app,49.00 ,28.00 ,1.00 ,0.00 ,0.00 ,Python
taranjeet/awesome-paid-resources-free-during-covid19,21.00 ,1.00 ,1.00 ,0.00 ,0.00 ,NULL
cheeaun/3d-touch-canvas,59.00 ,4.00 ,1.00 ,0.00 ,2.00 ,HTML
curiousily/dissertation,4.00 ,3.00 ,1.00 ,0.00 ,2.00 ,Jupyter Notebook
google/aarch64-paging,6.00 ,2.00 ,1.00 ,0.00 ,3.00 ,Rust
google/across,12.00 ,6.00 ,1.00 ,3.00 ,4.00 ,HTML
google/adcase,4.00 ,6.00 ,1.00 ,0.00 ,0.00 ,Python
xoreaxeaxeax/sinkhole,823.00 ,102.00 ,1.00 ,3.00 ,0.00 ,Assembly
gylidian/DataStructure_Review,27.00 ,9.00 ,1.00 ,0.00 ,0.00 ,NULL
karar189/github-pages-with-jekyll,0.00 ,0.00 ,1.00 ,0.00 ,4.00 ,NULL
offensive-security/wireless-patches,27.00 ,17.00 ,1.00 ,0.00 ,0.00 ,NULL
RioChndr/algorithm_challenge,0.00 ,1.00 ,1.00 ,0.00 ,2.00 ,PHP
AneleMbabela/github-slideshow,0.00 ,0.00 ,1.00 ,0.00 ,8.00 ,HTML
offensive-security/gcc-arm-linux-gnueabihf-4.7,30.00 ,44.00 ,1.00 ,0.00 ,0.00 ,NULL
offensive-security/kali-linux-docker-rolling,33.00 ,15.00 ,1.00 ,1.00 ,0.00 ,NULL
offensive-security/kali-linux-recipes,466.00 ,206.00 ,1.00 ,1.00 ,0.00 ,NULL
offensive-security/Kali-WSL-chroot,40.00 ,17.00 ,1.00 ,1.00 ,2.00 ,NULL
joelparkerhenderson/architecture-decision-record,0.00 ,0.00 ,1.00 ,0.00 ,26.00 ,NULL
joelparkerhenderson/brewfile,104.00 ,24.00 ,1.00 ,0.00 ,0.00 ,Ruby
simonw/asgi-log-to-sqlite,6.00 ,0.00 ,1.00 ,0.00 ,0.00 ,Python
dheerajkotwani/CineWatch,27.00 ,8.00 ,1.00 ,0.00 ,0.00 ,Kotlin
sefakozan/turkce-iptv,48.00 ,10.00 ,1.00 ,1.00 ,0.00 ,NULL
tapaswenipathak/API-list,0.00 ,0.00 ,1.00 ,0.00 ,2.00 ,Python
antonmedv/chat,54.00 ,17.00 ,1.00 ,0.00 ,0.00 ,JavaScript
antonmedv/kot,7.00 ,0.00 ,1.00 ,0.00 ,0.00 ,JavaScript
gasteigerjo/gdc,156.00 ,26.00 ,1.00 ,0.00 ,2.00 ,Python
mager/cafebean-api,0.00 ,0.00 ,1.00 ,0.00 ,0.00 ,Go
wsvincent/django-auth-tutorial,218.00 ,97.00 ,1.00 ,1.00 ,2.00 ,Python
MannyP31/Dev-folio-1,5.00 ,1.00 ,1.00 ,0.00 ,3.00 ,HTML
wsvincent/django-rest-framework-react-tutorial,68.00 ,25.00 ,1.00 ,1.00 ,0.00 ,Python
RakeshSeervi/congenial-spoon,0.00 ,7.00 ,1.00 ,0.00 ,6.00 ,CSS
patraanjan23/abstractform,0.00 ,1.00 ,1.00 ,0.00 ,2.00 ,SCSS
emersonsoares/CakePHP-Dinamic-Select-Box,5.00 ,3.00 ,1.00 ,0.00 ,0.00 ,PHP
mikenikles/deno-sapper-cloud-run,7.00 ,1.00 ,1.00 ,8.00 ,0.00 ,JavaScript
mikenikles/gitpod-minimal-custom-dockerfile,3.00 ,1.00 ,1.00 ,1.00 ,0.00 ,NULL
sreehari2003/Netflix-clone-React,0.00 ,0.00 ,1.00 ,0.00 ,0.00 ,JavaScript
zfogg/dotfiles,13.00 ,0.00 ,1.00 ,0.00 ,0.00 ,Shell
ck37/coral-ordinal,48.00 ,17.00 ,1.00 ,0.00 ,3.00 ,Python
gabrielfalcao/bolacha,17.00 ,5.00 ,1.00 ,0.00 ,2.00 ,Python
markwylde/assert-plan,0.00 ,0.00 ,1.00 ,0.00 ,1.00 ,JavaScript
PawanKolhe/calc-2000-web-app,0.00 ,0.00 ,1.00 ,0.00 ,0.00 ,JavaScript
MariaEduardaDeAzevedo/celare,3.00 ,0.00 ,1.00 ,0.00 ,0.00 ,Python
MariaEduardaDeAzevedo/header,2.00 ,0.00 ,1.00 ,0.00 ,0.00 ,Python
MariaEduardaDeAzevedo/nosso-py,52.00 ,19.00 ,1.00 ,2.00 ,18.00 ,Python
varunKT001/git-github-hIQ-fork,1.00 ,1.00 ,1.00 ,0.00 ,2.00 ,NULL
defuse/dnsfs,33.00 ,5.00 ,1.00 ,0.00 ,0.00 ,Ruby
zfogg/ascii-chat,158.00 ,8.00 ,1.00 ,0.00 ,3.00 ,C
defuse/email-spoofing,39.00 ,22.00 ,1.00 ,0.00 ,0.00 ,Ruby
marcel-dempers/k8s-build-your-own,3.00 ,13.00 ,1.00 ,0.00 ,2.00 ,Shell
Tyriar/canvas-astar.dart,2.00 ,1.00 ,1.00 ,0.00 ,0.00 ,Dart
ankitkumar70777/github-slideshow,0.00 ,0.00 ,1.00 ,0.00 ,8.00 ,HTML
aitikgupta/interactive_cpu_scheduler,0.00 ,5.00 ,1.00 ,1.00 ,7.00 ,Python
gwmccubbin/voting_dapp,11.00 ,5.00 ,1.00 ,0.00 ,0.00 ,JavaScript
gamemann/All_PropHealth,4.00 ,3.00 ,1.00 ,0.00 ,0.00 ,SourcePawn
